-- phpMyAdmin SQL Dump
-- version 5.2.1
-- https://www.phpmyadmin.net/
--
-- Host: localhost
-- Generation Time: Apr 25, 2024 at 02:37 AM
-- Server version: 8.0.31
-- PHP Version: 7.4.33

SET SQL_MODE = "NO_AUTO_VALUE_ON_ZERO";
START TRANSACTION;
SET time_zone = "+00:00";


/*!40101 SET @OLD_CHARACTER_SET_CLIENT=@@CHARACTER_SET_CLIENT */;
/*!40101 SET @OLD_CHARACTER_SET_RESULTS=@@CHARACTER_SET_RESULTS */;
/*!40101 SET @OLD_COLLATION_CONNECTION=@@COLLATION_CONNECTION */;
/*!40101 SET NAMES utf8mb4 */;

--
-- Database: `silsilah`
--

-- --------------------------------------------------------

--
-- Table structure for table `couples`
--

CREATE TABLE `couples` (
  `id` char(36) COLLATE utf8mb3_unicode_ci NOT NULL,
  `husband_id` char(36) COLLATE utf8mb3_unicode_ci NOT NULL,
  `wife_id` char(36) COLLATE utf8mb3_unicode_ci NOT NULL,
  `marriage_date` date DEFAULT NULL,
  `divorce_date` date DEFAULT NULL,
  `manager_id` char(36) COLLATE utf8mb3_unicode_ci DEFAULT NULL,
  `created_at` timestamp NULL DEFAULT NULL,
  `updated_at` timestamp NULL DEFAULT NULL
) ENGINE=InnoDB DEFAULT CHARSET=utf8mb3 COLLATE=utf8mb3_unicode_ci;

--
-- Dumping data for table `couples`
--

INSERT INTO `couples` (`id`, `husband_id`, `wife_id`, `marriage_date`, `divorce_date`, `manager_id`, `created_at`, `updated_at`) VALUES
('064ffa1f-b548-49a7-afca-4b12641ae80d', '1638dc1d-ea1f-48ca-b498-8e2ac81443b7', '79f00e8c-38ab-4e23-b99a-fb165ed840b4', NULL, NULL, 'ab862028-ec3d-476a-9840-f4dc58694127', '2024-01-26 16:02:09', '2024-01-26 16:02:09'),
('16c5bcdb-9743-4eb4-9bad-ca17ac0daf89', '488090da-0d61-4145-8205-b069edb2ec03', 'f41c4ce9-02bd-4d06-ae57-e1e87d1e3691', NULL, NULL, 'ab862028-ec3d-476a-9840-f4dc58694127', '2024-02-03 05:57:47', '2024-02-03 05:57:47'),
('20262949-c035-42d9-a8d3-6bd523e355ba', '44a97856-c2a3-428a-bff6-ef6e833d9d29', '7fa7f94d-9e65-4c9d-ac12-18854ce20492', NULL, NULL, 'ab862028-ec3d-476a-9840-f4dc58694127', '2024-01-23 05:00:33', '2024-01-23 05:00:33'),
('22cbcb52-8ec3-47cd-8e90-a299837860bd', '3b04a977-5bb3-486a-8976-0a27c962eb83', '2dedd1a6-5c32-4337-9bd7-6d032a2c0424', NULL, NULL, 'ab862028-ec3d-476a-9840-f4dc58694127', '2024-01-26 15:52:12', '2024-01-26 15:52:12'),
('2a65a0ef-fb7a-4eb1-a2cd-85206d4bba86', '211ab04f-7a44-414f-bd47-0761007bc03a', 'fecce237-d19c-4b3a-ba8b-86f378b09529', NULL, NULL, 'ab862028-ec3d-476a-9840-f4dc58694127', '2024-01-26 15:58:55', '2024-01-26 15:58:55'),
('2f43e2c4-9228-429c-966c-8945ccbf4bb1', '4a80e5d8-c566-4cf3-961f-ffb32fadf7ad', '7fa7f94d-9e65-4c9d-ac12-18854ce20492', NULL, NULL, 'ab862028-ec3d-476a-9840-f4dc58694127', '2024-02-03 05:57:13', '2024-02-03 05:57:13'),
('3319cd3c-f24f-4678-8ceb-a0fbea438bb6', 'f125bef7-f807-4e0d-a2d2-71d27a1ceb0a', 'f07ae5a9-bc0c-40f3-97d1-707704276845', NULL, NULL, 'ab862028-ec3d-476a-9840-f4dc58694127', '2024-04-16 14:30:56', '2024-04-16 14:30:56'),
('3cbcf084-7b75-48b4-9056-d173501c35ac', '18d78713-c228-4715-93e4-538ff8e4a28b', '103d7c33-fe9b-46d0-aed6-c2d842e9cbef', NULL, NULL, 'ab862028-ec3d-476a-9840-f4dc58694127', '2024-01-26 15:56:28', '2024-01-26 15:56:28'),
('42cf8759-bbaf-4b69-9ae5-ae3a53c80ad7', '70fc8d37-6538-4bcb-b4d9-7d5d32796866', '80eda3fd-c167-4b33-af56-d4c97276d38b', NULL, NULL, 'ab862028-ec3d-476a-9840-f4dc58694127', '2024-04-16 11:14:08', '2024-04-16 11:14:08'),
('48b2a753-9275-40db-bb40-40a10d4dfa6c', 'dc0e8a27-d6e8-420f-931e-fe3cd6a3c3ff', '749d43ab-f3f1-427c-8d99-26a6e0e64f39', NULL, NULL, 'ab862028-ec3d-476a-9840-f4dc58694127', '2024-01-26 16:01:07', '2024-01-26 16:01:07'),
('4ee7b328-e4de-477f-92dd-653d13b87030', 'd177b140-b57a-4359-b724-d7688c0cb8f1', '0a039c34-ab48-4850-afa2-c273af39849c', NULL, NULL, 'ab862028-ec3d-476a-9840-f4dc58694127', '2024-04-16 10:21:35', '2024-04-16 10:21:35'),
('529fbabd-7013-4a49-8a44-637e64739a0d', '8cfe136f-e18d-47b3-9d93-424bac5bb890', 'd01138a5-8684-4567-aac0-23cc0b194403', NULL, NULL, 'ab862028-ec3d-476a-9840-f4dc58694127', '2024-04-13 10:28:25', '2024-04-13 10:28:25'),
('54ac8981-5295-4831-a719-3faada5b8f41', 'f15e026b-b941-4bf0-a44b-1fd76de5dcdc', '9adf8150-48c7-47f0-9f41-22eac016f97d', NULL, NULL, 'ab862028-ec3d-476a-9840-f4dc58694127', '2024-01-26 15:52:55', '2024-01-26 15:52:55'),
('5ffc18c1-a2b0-4331-9712-52f806a0655c', '63542cae-b1c9-4435-9c86-d3fda7d585be', 'bf668cc6-169a-4bae-9d38-39b19933bce9', NULL, NULL, 'ab862028-ec3d-476a-9840-f4dc58694127', '2024-01-26 15:57:45', '2024-01-26 15:57:45'),
('675cf56a-f8ca-4ff7-af51-e65915933eae', 'bebd4490-0f45-41e4-a6d5-69ae22ef0fdc', 'd170e4d4-bab3-4a97-8265-bf41a9192e92', NULL, NULL, 'ab862028-ec3d-476a-9840-f4dc58694127', '2024-04-16 14:21:50', '2024-04-16 14:21:50'),
('75b3a249-c952-4cd3-8413-08fdd2c61d76', '926ed60f-22e3-42cd-b9a2-0a2cd6ed654c', '5f8ac8f4-80f0-442a-9741-eb2c3155e30b', NULL, NULL, 'ab862028-ec3d-476a-9840-f4dc58694127', '2024-01-26 15:47:37', '2024-01-26 15:47:37'),
('820ec2ae-169c-4e52-920b-343d672a0d71', '55e18f3f-5d0f-486b-9e79-660dacac2eed', '8d3c4159-22f3-48ee-aac1-db0da80729d4', NULL, NULL, 'ab862028-ec3d-476a-9840-f4dc58694127', '2024-01-25 01:24:42', '2024-01-25 01:24:42'),
('85eb80bf-2d58-48fb-b723-d80c6a6e2b69', 'ef24fea1-4588-40b9-b211-7ab6b60b439d', 'c4c99fdb-9f42-48f3-9ad1-24234542548f', NULL, NULL, 'ab862028-ec3d-476a-9840-f4dc58694127', '2024-01-23 05:03:37', '2024-01-23 05:03:37'),
('8781bc3e-57ec-43b1-ab19-c3e37c51a242', '50b32d46-d4c0-4b2b-82fa-a8f1e543804b', '13bfcb7c-9478-4da1-bb7d-8c6b713cd2d2', NULL, NULL, 'ab862028-ec3d-476a-9840-f4dc58694127', '2024-01-26 16:01:42', '2024-01-26 16:01:42'),
('938e6359-e6c0-40e0-a0fe-b709432d9cc7', '0c9eb65a-76b3-4b3d-b25d-621cc23e857a', '85544c09-7c27-4d2c-b725-cedb0e397a65', NULL, NULL, 'ab862028-ec3d-476a-9840-f4dc58694127', '2024-01-20 15:22:41', '2024-01-20 15:22:41'),
('9e6a4fe8-9083-475d-abda-3c32c9393143', '8d3ebf60-adf7-4ac4-8237-82b7edb88128', '80eda3fd-c167-4b33-af56-d4c97276d38b', NULL, NULL, 'ab862028-ec3d-476a-9840-f4dc58694127', '2024-04-16 11:13:58', '2024-04-16 11:13:58'),
('a36e1afa-c0f7-46a9-ad52-4d7e902445e0', 'ab862028-ec3d-476a-9840-f4dc58694127', '12412eb2-478e-4b5c-b7ae-7c2cb4b441db', '2012-08-30', NULL, 'ab862028-ec3d-476a-9840-f4dc58694127', '2024-01-20 15:11:10', '2024-01-20 15:11:10'),
('a94c248c-09a3-4c94-bcae-f452663cc253', '220cdcaf-3031-4824-a3df-dafc6d9ecf0c', 'ab3afbf7-9985-46d4-8ffa-b9dc44962974', NULL, NULL, 'ab862028-ec3d-476a-9840-f4dc58694127', '2024-01-26 16:09:12', '2024-01-26 16:09:12'),
('aa2f2ef2-f63e-4218-bc2c-26c35c78da35', '1415b243-7424-4841-a75b-9d2dca186b8a', '8d5b6b67-99cc-42bb-9489-87b8e6a626ce', NULL, NULL, 'ab862028-ec3d-476a-9840-f4dc58694127', '2024-01-23 05:02:16', '2024-01-23 05:02:16'),
('c951e8f1-cf8a-4aed-baf8-fa4492fb1df9', '102f601c-b885-4717-b2da-ec8af812dfe5', '1c7329a3-55f3-4f2e-bd37-867c016dd755', NULL, NULL, 'ab862028-ec3d-476a-9840-f4dc58694127', '2024-01-23 05:01:34', '2024-01-23 05:01:34'),
('cf9133e5-f1cb-4e47-b282-758732aaed10', 'b6915532-6d74-4dd7-bd7f-5703452f521f', 'ec4f06b4-e097-4021-abfd-78ee6a5df3ad', NULL, NULL, 'ab862028-ec3d-476a-9840-f4dc58694127', '2024-04-22 14:44:13', '2024-04-22 14:44:13'),
('d2365d61-e2cd-4814-ac41-6d8f6335b0e4', '16057f1d-110b-4f01-9012-09ad936e6cb1', '5198f17c-abe5-420a-93d2-d586dccee458', NULL, NULL, 'ab862028-ec3d-476a-9840-f4dc58694127', '2024-04-13 10:26:28', '2024-04-13 10:26:28'),
('d236b9b5-8263-446a-8c0a-f885d8cbfb9b', 'abd0a82b-dc5b-4f69-8479-3321280058a2', 'dbe161d2-ca49-4afc-a624-3e2f699abadb', NULL, NULL, 'ab862028-ec3d-476a-9840-f4dc58694127', '2024-01-20 15:13:43', '2024-01-20 15:13:43'),
('da431050-e3b9-40f2-a7e7-9e143d6c2c9e', 'cc4c6003-d16f-4bad-82b3-07f43a977fe6', '36c86e93-e504-44bc-8b34-93cb3d9f021d', NULL, NULL, 'ab862028-ec3d-476a-9840-f4dc58694127', '2024-04-16 13:21:02', '2024-04-16 13:21:02'),
('de1b66e6-eff3-49ae-b19f-97d8e67f98ba', '0ab70148-7ad4-4545-bca7-faa464d22c74', 'a1af5f5c-d117-4e91-9b43-277f433901a8', NULL, NULL, 'ab862028-ec3d-476a-9840-f4dc58694127', '2024-01-26 15:50:38', '2024-01-26 15:50:38'),
('e2093957-7a69-4d6f-9eaa-f7666ba87bea', '44be0555-41fa-4bd4-8485-e966c2bb9d7e', '9b65fb7e-c0b1-46cf-93ef-43382e2f6f53', NULL, NULL, 'ab862028-ec3d-476a-9840-f4dc58694127', '2024-01-26 15:28:24', '2024-01-26 15:28:24'),
('ef21cfbb-8eda-4856-aef0-c07d5bd64c88', 'a992a84e-d41a-4d7d-8dd0-bd06b73b65c5', '5f8d4fd8-933a-4aeb-bf91-57aaebb22c4d', NULL, NULL, 'ab862028-ec3d-476a-9840-f4dc58694127', '2024-01-26 15:18:21', '2024-01-26 15:18:21'),
('f82d6fcc-7609-43a1-932d-44fd5cfe74c7', '3a76d21b-ad32-4bcf-9d5e-ff983b873e6f', '30b725bc-2f2c-4e4f-bfbb-d019e382b1d1', NULL, NULL, 'ab862028-ec3d-476a-9840-f4dc58694127', '2024-01-26 16:10:45', '2024-01-26 16:10:45'),
('fbe89a15-eb0b-4dcc-b0e5-ca7500edbafd', '4bd1409d-3b2e-492c-ac37-5df7bca0f292', 'b26a63af-5d3d-4b44-b2b8-6276edbf5b59', NULL, NULL, 'ab862028-ec3d-476a-9840-f4dc58694127', '2024-01-26 16:00:04', '2024-01-26 16:00:04');

-- --------------------------------------------------------

--
-- Table structure for table `migrations`
--

CREATE TABLE `migrations` (
  `id` int UNSIGNED NOT NULL,
  `migration` varchar(255) COLLATE utf8mb3_unicode_ci NOT NULL,
  `batch` int NOT NULL
) ENGINE=InnoDB DEFAULT CHARSET=utf8mb3 COLLATE=utf8mb3_unicode_ci;

--
-- Dumping data for table `migrations`
--

INSERT INTO `migrations` (`id`, `migration`, `batch`) VALUES
(1, '2014_10_12_000000_create_users_table', 1),
(2, '2014_10_12_100000_create_password_resets_table', 1),
(3, '2017_06_27_151536_create_couples_table', 1),
(4, '2021_04_04_215601_create_user_metadata_table', 1);

-- --------------------------------------------------------

--
-- Table structure for table `password_resets`
--

CREATE TABLE `password_resets` (
  `email` varchar(255) COLLATE utf8mb3_unicode_ci NOT NULL,
  `token` varchar(255) COLLATE utf8mb3_unicode_ci NOT NULL,
  `created_at` timestamp NULL DEFAULT NULL
) ENGINE=InnoDB DEFAULT CHARSET=utf8mb3 COLLATE=utf8mb3_unicode_ci;

-- --------------------------------------------------------

--
-- Table structure for table `users`
--

CREATE TABLE `users` (
  `id` char(36) COLLATE utf8mb3_unicode_ci NOT NULL,
  `nickname` varchar(255) COLLATE utf8mb3_unicode_ci NOT NULL,
  `name` varchar(255) COLLATE utf8mb3_unicode_ci DEFAULT NULL,
  `gender_id` tinyint UNSIGNED NOT NULL,
  `father_id` char(36) COLLATE utf8mb3_unicode_ci DEFAULT NULL,
  `mother_id` char(36) COLLATE utf8mb3_unicode_ci DEFAULT NULL,
  `parent_id` char(36) COLLATE utf8mb3_unicode_ci DEFAULT NULL,
  `dob` date DEFAULT NULL,
  `yob` year DEFAULT NULL,
  `birth_order` tinyint UNSIGNED DEFAULT NULL,
  `dod` date DEFAULT NULL,
  `yod` year DEFAULT NULL,
  `email` varchar(255) COLLATE utf8mb3_unicode_ci DEFAULT NULL,
  `password` varchar(255) COLLATE utf8mb3_unicode_ci DEFAULT NULL,
  `address` varchar(255) COLLATE utf8mb3_unicode_ci DEFAULT NULL,
  `city` varchar(255) COLLATE utf8mb3_unicode_ci DEFAULT NULL,
  `phone` varchar(255) COLLATE utf8mb3_unicode_ci DEFAULT NULL,
  `photo_path` varchar(255) COLLATE utf8mb3_unicode_ci DEFAULT NULL,
  `manager_id` char(36) COLLATE utf8mb3_unicode_ci DEFAULT NULL,
  `remember_token` varchar(100) COLLATE utf8mb3_unicode_ci DEFAULT NULL,
  `created_at` timestamp NULL DEFAULT NULL,
  `updated_at` timestamp NULL DEFAULT NULL
) ENGINE=InnoDB DEFAULT CHARSET=utf8mb3 COLLATE=utf8mb3_unicode_ci;

--
-- Dumping data for table `users`
--

INSERT INTO `users` (`id`, `nickname`, `name`, `gender_id`, `father_id`, `mother_id`, `parent_id`, `dob`, `yob`, `birth_order`, `dod`, `yod`, `email`, `password`, `address`, `city`, `phone`, `photo_path`, `manager_id`, `remember_token`, `created_at`, `updated_at`) VALUES
('0031aa22-1e24-4ea8-9fa3-eed040fe17ab', 'Ridwan', 'Ridwan', 1, NULL, 'a782461e-f4dc-4f25-9722-18c2cdd05085', NULL, NULL, NULL, 3, NULL, NULL, NULL, NULL, NULL, NULL, NULL, NULL, 'ab862028-ec3d-476a-9840-f4dc58694127', NULL, '2024-01-25 04:11:27', '2024-04-10 04:44:29'),
('00b1c061-0e4d-4882-9071-fb70cc2f0537', 'Zainudin', 'Zainudin', 1, NULL, '13fcedb4-26fa-4cb2-9bfc-cecb1d4f5985', NULL, NULL, NULL, 1, NULL, NULL, NULL, NULL, 'Desa Harapan', 'Manggar', NULL, NULL, 'ab862028-ec3d-476a-9840-f4dc58694127', NULL, '2024-04-11 10:11:26', '2024-04-11 10:22:22'),
('015323b2-9388-4a54-9670-b4631a0602aa', 'Sunardi', 'Sunardi', 1, NULL, '5e597395-f4d2-4a09-b1c4-2a4761409f85', NULL, NULL, NULL, 6, NULL, NULL, NULL, NULL, NULL, NULL, NULL, NULL, 'ab862028-ec3d-476a-9840-f4dc58694127', NULL, '2024-04-17 11:23:56', '2024-04-17 11:23:56'),
('0196c559-f9a7-4487-866d-860b3ae271e9', 'Imam', 'Imam', 1, NULL, '13bfcb7c-9478-4da1-bb7d-8c6b713cd2d2', NULL, NULL, NULL, 2, NULL, NULL, NULL, NULL, NULL, NULL, NULL, NULL, 'ab862028-ec3d-476a-9840-f4dc58694127', NULL, '2024-01-26 16:01:57', '2024-01-26 16:01:57'),
('01e0de5c-55ec-4a50-b369-ba0bf1c0e474', 'Surayna', 'Surayna', 2, NULL, 'a6af8189-a787-46f2-8ac4-ea6897e87263', NULL, NULL, NULL, 1, NULL, NULL, NULL, NULL, NULL, NULL, NULL, NULL, 'ab862028-ec3d-476a-9840-f4dc58694127', NULL, '2024-04-16 13:33:51', '2024-04-16 13:33:51'),
('0341f686-d685-48e8-9bb7-cb1cbc50ba35', 'Sa\'i', 'Sa\'i', 1, 'd60da728-6414-4348-9979-d4c58a2d895e', NULL, NULL, NULL, NULL, NULL, NULL, NULL, NULL, NULL, NULL, NULL, NULL, NULL, 'ab862028-ec3d-476a-9840-f4dc58694127', NULL, '2024-01-23 06:45:05', '2024-01-23 06:45:05'),
('03974a44-7501-4112-a7eb-5bac22e57e07', 'Sofia', 'Sofia', 2, '8b49cf34-e5a5-436c-9431-07b1e6c9179c', NULL, NULL, NULL, NULL, 1, NULL, NULL, NULL, NULL, NULL, NULL, NULL, NULL, 'ab862028-ec3d-476a-9840-f4dc58694127', NULL, '2024-04-16 13:38:30', '2024-04-16 13:38:30'),
('0464e125-400b-4d61-8bfa-341fd8ebaf43', 'Hendra', 'Hendra', 1, '36ccc9dc-8af5-453c-b527-ef3426cd6549', NULL, NULL, NULL, NULL, 1, NULL, NULL, NULL, NULL, NULL, NULL, NULL, NULL, 'ab862028-ec3d-476a-9840-f4dc58694127', NULL, '2024-04-16 10:34:27', '2024-04-16 10:34:27'),
('04706bf4-b2dc-4606-beef-94ec2bd8916b', 'Hasanudin', 'Hasanudin', 1, NULL, '13fcedb4-26fa-4cb2-9bfc-cecb1d4f5985', NULL, NULL, NULL, 5, NULL, NULL, NULL, NULL, NULL, NULL, NULL, NULL, 'ab862028-ec3d-476a-9840-f4dc58694127', NULL, '2024-04-11 10:14:37', '2024-04-11 10:14:37'),
('059ad00c-1398-436b-8c43-9ae1c3fdc50c', 'Wandi', 'Wandi', 1, NULL, '23aac46e-c0dc-444c-9ec3-ab4a0e172d2c', NULL, NULL, NULL, 3, NULL, NULL, NULL, NULL, NULL, NULL, NULL, NULL, 'ab862028-ec3d-476a-9840-f4dc58694127', NULL, '2024-04-16 14:07:39', '2024-04-16 14:07:39'),
('05dee635-d7c8-4c7a-912e-502722c46b47', 'Maya', 'Maya', 2, 'c5ce86d1-a0a4-466d-95e9-f1d83ef7643e', NULL, NULL, NULL, NULL, 3, NULL, NULL, NULL, NULL, NULL, NULL, NULL, NULL, 'ab862028-ec3d-476a-9840-f4dc58694127', NULL, '2024-04-16 13:50:25', '2024-04-16 13:50:25'),
('079199b8-c5e5-4a80-86ee-4c8de6c504c7', 'Asyendi', 'Asyendi', 1, '8c5c6b7f-50f8-4156-b17c-3eb30d5048e7', NULL, NULL, NULL, NULL, 5, NULL, NULL, NULL, NULL, NULL, NULL, NULL, NULL, 'ab862028-ec3d-476a-9840-f4dc58694127', NULL, '2024-04-16 14:28:46', '2024-04-16 14:28:46'),
('07a8b171-e48d-41d1-a0a6-09e8f0161f50', 'Kaspiandi', 'Kaspiandi', 1, NULL, '03974a44-7501-4112-a7eb-5bac22e57e07', NULL, NULL, NULL, 2, NULL, NULL, NULL, NULL, NULL, NULL, NULL, NULL, 'ab862028-ec3d-476a-9840-f4dc58694127', NULL, '2024-04-16 13:39:59', '2024-04-16 13:39:59'),
('0883e8dc-8756-49f3-9416-382757227489', 'Esal', 'Esal', 1, '3a76d21b-ad32-4bcf-9d5e-ff983b873e6f', '30b725bc-2f2c-4e4f-bfbb-d019e382b1d1', 'f82d6fcc-7609-43a1-932d-44fd5cfe74c7', NULL, NULL, 1, NULL, NULL, NULL, NULL, NULL, NULL, NULL, NULL, 'ab862028-ec3d-476a-9840-f4dc58694127', NULL, '2024-01-26 16:11:04', '2024-01-26 16:11:04'),
('09547129-2894-49ff-a7d1-9a3d02217139', 'Leni', 'Leni', 2, '8c5c6b7f-50f8-4156-b17c-3eb30d5048e7', NULL, NULL, NULL, NULL, 4, NULL, NULL, NULL, NULL, NULL, NULL, NULL, NULL, 'ab862028-ec3d-476a-9840-f4dc58694127', NULL, '2024-04-16 14:28:34', '2024-04-16 14:28:34'),
('09c0b07a-6687-4d69-ab39-19b60ad1d182', 'Rosa', 'Rosa', 2, 'a8ccd554-f9bd-4db2-9c20-db4fa2f30b1d', NULL, NULL, NULL, NULL, 3, NULL, NULL, NULL, NULL, NULL, NULL, NULL, NULL, 'ab862028-ec3d-476a-9840-f4dc58694127', NULL, '2024-01-25 01:28:38', '2024-01-25 01:28:38'),
('0a039c34-ab48-4850-afa2-c273af39849c', 'Aminah', 'Aminah', 2, '720a20ac-31ea-4104-9de3-ede73a02760c', '5253b9f2-df20-4417-bc7a-375308729521', NULL, NULL, NULL, 2, NULL, NULL, NULL, NULL, NULL, NULL, NULL, NULL, 'ab862028-ec3d-476a-9840-f4dc58694127', NULL, '2024-04-15 06:40:33', '2024-04-16 10:20:36'),
('0a425c6f-8d2c-42e2-bbbd-4769ff44366e', 'Rahman', 'Rahman', 1, '650449d8-b9a5-4055-9879-3aa802f155a1', NULL, NULL, NULL, NULL, 5, NULL, NULL, NULL, NULL, NULL, NULL, NULL, NULL, 'ab862028-ec3d-476a-9840-f4dc58694127', NULL, '2024-01-26 15:20:20', '2024-04-16 10:31:42'),
('0ab70148-7ad4-4545-bca7-faa464d22c74', 'Su\'eb', 'Su\'eb', 1, NULL, NULL, NULL, NULL, NULL, NULL, NULL, NULL, NULL, NULL, NULL, NULL, NULL, NULL, 'ab862028-ec3d-476a-9840-f4dc58694127', NULL, '2024-01-26 15:50:38', '2024-01-26 15:50:38'),
('0c866a74-06fa-46a3-a3ce-1555f5ecde58', 'Bakti', 'Bakti', 1, NULL, '0a039c34-ab48-4850-afa2-c273af39849c', NULL, NULL, NULL, 3, NULL, NULL, NULL, NULL, NULL, NULL, NULL, NULL, 'ab862028-ec3d-476a-9840-f4dc58694127', NULL, '2024-04-16 10:21:23', '2024-04-16 10:21:23'),
('0c9b61d2-1757-4a14-a0c4-43c028f86402', 'Azza', 'Azza', 2, NULL, 'b72c4a9a-bce4-476f-a5ea-7a478210f0ed', NULL, NULL, NULL, 1, NULL, NULL, NULL, NULL, NULL, NULL, NULL, NULL, 'ab862028-ec3d-476a-9840-f4dc58694127', NULL, '2024-02-03 07:37:20', '2024-02-03 07:37:20'),
('0c9eb65a-76b3-4b3d-b25d-621cc23e857a', 'Sadam', 'Sadam', 1, '2894db1e-071c-4bc7-a65e-c23f4e7f2afa', NULL, NULL, NULL, NULL, NULL, NULL, NULL, NULL, NULL, NULL, NULL, NULL, NULL, 'ab862028-ec3d-476a-9840-f4dc58694127', NULL, '2024-01-20 15:20:40', '2024-01-25 01:23:38'),
('0cb04a42-62a4-47f1-83a3-d07742c2f71c', 'ibrahim', 'Ibrahim', 1, NULL, NULL, NULL, NULL, NULL, NULL, NULL, NULL, NULL, NULL, NULL, NULL, NULL, NULL, 'ab862028-ec3d-476a-9840-f4dc58694127', NULL, '2024-01-31 01:57:33', '2024-04-13 10:35:02'),
('0d6075fa-3160-47f1-ac6c-84f13e211495', 'Yudratriana', 'Yudratriana', 2, NULL, 'cf49d6d3-ce47-4498-915b-1a662071b388', NULL, NULL, NULL, 3, NULL, NULL, NULL, NULL, NULL, NULL, NULL, NULL, 'ab862028-ec3d-476a-9840-f4dc58694127', NULL, '2024-04-16 13:32:02', '2024-04-16 13:32:02'),
('0dc28b99-2a9f-4a6b-b644-19ddafce3ba0', 'Samsudin', 'Samsudin', 1, NULL, '8b49cf34-e5a5-436c-9431-07b1e6c9179c', NULL, NULL, NULL, 2, NULL, NULL, NULL, NULL, NULL, NULL, NULL, NULL, 'ab862028-ec3d-476a-9840-f4dc58694127', NULL, '2024-04-16 13:57:12', '2024-04-16 14:06:27'),
('0ddc6413-eaa4-4fc6-b796-9afde8f1500b', 'Delia', 'Delia', 2, 'ef24fea1-4588-40b9-b211-7ab6b60b439d', 'c4c99fdb-9f42-48f3-9ad1-24234542548f', '85eb80bf-2d58-48fb-b723-d80c6a6e2b69', NULL, NULL, 5, NULL, NULL, NULL, NULL, NULL, NULL, NULL, NULL, 'ab862028-ec3d-476a-9840-f4dc58694127', NULL, '2024-01-23 05:04:49', '2024-01-23 05:04:49'),
('0e408847-67cc-4b5b-9743-59f4a084eb6b', 'Heni', 'Heni', 2, '8ed3240c-a2d3-4cf5-8e97-2273af73b8b6', NULL, NULL, NULL, NULL, 1, NULL, NULL, NULL, NULL, NULL, NULL, NULL, NULL, 'ab862028-ec3d-476a-9840-f4dc58694127', NULL, '2024-04-17 11:25:58', '2024-04-17 11:25:58'),
('0f132358-a669-42fd-8538-f6c2c9433fbe', 'Mursina', 'Mursina', 2, NULL, '5253b9f2-df20-4417-bc7a-375308729521', NULL, NULL, NULL, 1, NULL, NULL, NULL, NULL, NULL, NULL, NULL, NULL, 'ab862028-ec3d-476a-9840-f4dc58694127', NULL, '2024-04-15 06:40:25', '2024-04-15 06:40:25'),
('0f873fec-dcc5-45a3-99c6-7ee69dac1dfc', 'Udi', 'Udi', 1, NULL, 'e45d9dae-70a6-4ecd-8620-f2f5b7756262', NULL, NULL, NULL, 4, NULL, NULL, NULL, NULL, NULL, NULL, NULL, NULL, 'ab862028-ec3d-476a-9840-f4dc58694127', NULL, '2024-01-25 01:27:30', '2024-01-25 01:27:30'),
('102f601c-b885-4717-b2da-ec8af812dfe5', 'Damsyik', 'Damsyik', 1, NULL, NULL, NULL, NULL, NULL, NULL, NULL, NULL, NULL, NULL, NULL, NULL, NULL, NULL, 'ab862028-ec3d-476a-9840-f4dc58694127', NULL, '2024-01-23 05:01:34', '2024-01-23 05:01:34'),
('103d7c33-fe9b-46d0-aed6-c2d842e9cbef', 'Neng Sumiati', 'Neng Sumiati', 2, NULL, NULL, NULL, NULL, NULL, NULL, NULL, NULL, NULL, NULL, NULL, NULL, NULL, NULL, 'ab862028-ec3d-476a-9840-f4dc58694127', NULL, '2024-01-26 15:56:28', '2024-01-26 15:56:28'),
('10457a07-0eb7-4a47-a8c1-dc2d73601faa', 'Doni', 'Doni', 1, '44a97856-c2a3-428a-bff6-ef6e833d9d29', '7fa7f94d-9e65-4c9d-ac12-18854ce20492', '20262949-c035-42d9-a8d3-6bd523e355ba', NULL, NULL, 2, NULL, NULL, NULL, NULL, NULL, NULL, NULL, NULL, 'ab862028-ec3d-476a-9840-f4dc58694127', NULL, '2024-01-23 05:01:13', '2024-01-23 06:30:47'),
('10f3f4bd-063c-4235-a56e-6edace82fe1d', 'Raibot', 'Raibot', 2, NULL, NULL, NULL, NULL, NULL, NULL, NULL, NULL, NULL, NULL, NULL, NULL, NULL, NULL, 'ab862028-ec3d-476a-9840-f4dc58694127', NULL, '2024-04-13 10:34:44', '2024-04-13 10:34:44'),
('12412eb2-478e-4b5c-b7ae-7c2cb4b441db', 'Yeni Eka', 'Yeni Eka', 2, '44be0555-41fa-4bd4-8485-e966c2bb9d7e', '923f35da-dafe-4403-9cc9-d83bc179a457', 'e2093957-7a69-4d6f-9eaa-f7666ba87bea', NULL, NULL, NULL, NULL, NULL, NULL, NULL, NULL, NULL, NULL, NULL, 'ab862028-ec3d-476a-9840-f4dc58694127', NULL, '2024-01-20 15:11:10', '2024-01-26 16:10:11'),
('13be9834-16cf-4d02-8541-950e2063c762', 'Arjuna', 'Arjuna', 2, 'f1801fcb-1076-463f-8308-8485a390330b', NULL, NULL, NULL, NULL, 1, NULL, NULL, NULL, NULL, NULL, NULL, NULL, NULL, 'ab862028-ec3d-476a-9840-f4dc58694127', NULL, '2024-04-18 03:06:20', '2024-04-18 03:06:20'),
('13bfcb7c-9478-4da1-bb7d-8c6b713cd2d2', 'Sulistyani Saputri', 'Sulistyani Saputri', 2, '926ed60f-22e3-42cd-b9a2-0a2cd6ed654c', NULL, NULL, NULL, NULL, 12, NULL, NULL, NULL, NULL, NULL, NULL, NULL, NULL, 'ab862028-ec3d-476a-9840-f4dc58694127', NULL, '2024-01-26 15:45:49', '2024-01-26 15:45:49'),
('13fcedb4-26fa-4cb2-9bfc-cecb1d4f5985', 'Hana', 'Hana', 2, '786a63bd-1524-4783-8826-050b2d8726ec', NULL, NULL, NULL, NULL, NULL, NULL, NULL, NULL, NULL, NULL, NULL, NULL, NULL, 'ab862028-ec3d-476a-9840-f4dc58694127', NULL, '2024-01-26 15:17:40', '2024-01-26 15:17:40'),
('1415b243-7424-4841-a75b-9d2dca186b8a', 'Mahyudin', 'Mahyudin', 1, NULL, NULL, NULL, NULL, NULL, NULL, NULL, NULL, NULL, NULL, NULL, NULL, NULL, NULL, 'ab862028-ec3d-476a-9840-f4dc58694127', NULL, '2024-01-23 05:02:16', '2024-01-23 05:02:16'),
('1436ca97-80c4-4fb7-961f-3b19d2cc4a76', 'Sabirin', 'Sabirin', 1, NULL, '80eda3fd-c167-4b33-af56-d4c97276d38b', NULL, NULL, NULL, 4, NULL, NULL, NULL, NULL, NULL, NULL, NULL, NULL, 'ab862028-ec3d-476a-9840-f4dc58694127', NULL, '2024-04-16 11:14:46', '2024-04-16 11:14:46'),
('14a43a9f-b368-4d15-be19-f38f50460b40', 'Saripudin', 'Saripudin', 1, NULL, '80eda3fd-c167-4b33-af56-d4c97276d38b', NULL, NULL, NULL, 5, NULL, NULL, NULL, NULL, NULL, NULL, NULL, NULL, 'ab862028-ec3d-476a-9840-f4dc58694127', NULL, '2024-04-16 11:15:10', '2024-04-16 11:15:10'),
('14d7bcfa-feb7-47eb-984b-50d85c41b85c', 'Eviani', 'Eviani', 2, '015323b2-9388-4a54-9670-b4631a0602aa', NULL, NULL, NULL, NULL, 1, NULL, NULL, NULL, NULL, NULL, NULL, NULL, NULL, 'ab862028-ec3d-476a-9840-f4dc58694127', NULL, '2024-04-17 11:26:25', '2024-04-17 11:26:25'),
('14ef7010-dbc9-404a-92cd-ddc8dd80ff66', 'Susi', 'Susi', 1, 'd85ca80a-3ac3-4266-b9fd-d5e5dd8f6e7d', NULL, NULL, NULL, NULL, 4, NULL, NULL, NULL, NULL, NULL, NULL, NULL, NULL, 'ab862028-ec3d-476a-9840-f4dc58694127', NULL, '2024-04-16 14:30:15', '2024-04-16 14:30:15'),
('16057f1d-110b-4f01-9012-09ad936e6cb1', 'Paimin', 'Paimin', 1, NULL, NULL, NULL, NULL, NULL, NULL, NULL, NULL, NULL, NULL, NULL, NULL, NULL, NULL, 'ab862028-ec3d-476a-9840-f4dc58694127', NULL, '2024-04-13 10:26:28', '2024-04-13 10:26:28'),
('1638dc1d-ea1f-48ca-b498-8e2ac81443b7', 'Ismail', 'Ismail', 1, NULL, NULL, NULL, NULL, NULL, NULL, NULL, NULL, NULL, NULL, NULL, NULL, NULL, NULL, 'ab862028-ec3d-476a-9840-f4dc58694127', NULL, '2024-01-26 16:02:09', '2024-01-26 16:02:09'),
('18d78713-c228-4715-93e4-538ff8e4a28b', 'Sudirjo', 'Sudirjo', 1, '926ed60f-22e3-42cd-b9a2-0a2cd6ed654c', NULL, NULL, NULL, NULL, 6, NULL, NULL, NULL, NULL, NULL, NULL, NULL, NULL, 'ab862028-ec3d-476a-9840-f4dc58694127', NULL, '2024-01-26 15:43:56', '2024-01-26 15:43:56'),
('192e13d3-cdfd-44cc-8069-8e3220826997', 'Yoga', 'Yoga', 1, '211ab04f-7a44-414f-bd47-0761007bc03a', NULL, NULL, NULL, NULL, 2, NULL, NULL, NULL, NULL, NULL, NULL, NULL, NULL, 'ab862028-ec3d-476a-9840-f4dc58694127', NULL, '2024-01-26 15:59:43', '2024-01-26 15:59:43'),
('194cb7ac-cc09-41b5-a837-293a6e38bb89', 'Jono', 'Jono', 1, '344ee3a3-da00-471a-af3e-3bfc13421ac6', NULL, NULL, NULL, NULL, 3, NULL, NULL, NULL, NULL, NULL, NULL, NULL, NULL, 'ab862028-ec3d-476a-9840-f4dc58694127', NULL, '2024-04-13 09:56:38', '2024-04-13 09:56:38'),
('1ab8602f-56d9-4e23-8c61-982de3da3e12', 'Tri Wulandari', 'Tri Wulandari', 2, NULL, 'bf668cc6-169a-4bae-9d38-39b19933bce9', NULL, NULL, NULL, 3, NULL, NULL, NULL, NULL, NULL, NULL, NULL, NULL, 'ab862028-ec3d-476a-9840-f4dc58694127', NULL, '2024-01-26 15:58:28', '2024-01-26 15:58:28'),
('1b76b3e3-09d5-42d3-90ae-749f95060249', 'Jono', 'Jono', 1, 'f1801fcb-1076-463f-8308-8485a390330b', NULL, NULL, NULL, NULL, 3, NULL, NULL, NULL, NULL, NULL, NULL, NULL, NULL, 'ab862028-ec3d-476a-9840-f4dc58694127', NULL, '2024-04-18 03:07:28', '2024-04-18 03:07:28'),
('1ba5df32-93af-42ac-ae2e-c278635c4ef8', 'Deli', 'Deli', 2, '93e378cd-08d5-48b6-97f7-5dccaf7936fe', NULL, NULL, NULL, NULL, 2, NULL, NULL, NULL, NULL, NULL, NULL, NULL, NULL, 'ab862028-ec3d-476a-9840-f4dc58694127', NULL, '2024-04-16 10:37:05', '2024-04-16 10:37:05'),
('1c7329a3-55f3-4f2e-bd37-867c016dd755', 'Haslinda', 'Haslinda', 2, 'abd0a82b-dc5b-4f69-8479-3321280058a2', 'dbe161d2-ca49-4afc-a624-3e2f699abadb', 'd236b9b5-8263-446a-8c0a-f885d8cbfb9b', NULL, NULL, 1, NULL, NULL, NULL, NULL, NULL, NULL, NULL, NULL, 'ab862028-ec3d-476a-9840-f4dc58694127', NULL, '2024-01-20 15:14:04', '2024-01-20 15:14:04'),
('1dabf2fb-dea8-4ad6-96a1-bcfbb26d6f25', 'Tuk Wase', 'Tuk Wase', 1, NULL, NULL, NULL, NULL, NULL, NULL, NULL, NULL, NULL, NULL, NULL, NULL, NULL, NULL, 'ab862028-ec3d-476a-9840-f4dc58694127', NULL, '2024-01-21 07:08:02', '2024-01-21 07:08:02'),
('1e2e492f-df59-42dd-b668-7b1ffb2316fb', 'Lulu Lestari', 'Lulu Lestari', 2, 'dadf8b77-c1df-44be-961c-807d4e73fa25', NULL, NULL, NULL, NULL, 1, NULL, NULL, NULL, NULL, NULL, NULL, NULL, NULL, 'ab862028-ec3d-476a-9840-f4dc58694127', NULL, '2024-04-16 13:30:06', '2024-04-16 13:30:06'),
('1e748366-6186-4ccc-a7ba-c599330f2874', 'Difa', 'Difa', 1, '93e378cd-08d5-48b6-97f7-5dccaf7936fe', NULL, NULL, NULL, NULL, 1, NULL, NULL, NULL, NULL, NULL, NULL, NULL, NULL, 'ab862028-ec3d-476a-9840-f4dc58694127', NULL, '2024-04-16 10:37:00', '2024-04-16 10:37:00'),
('1f76a629-3822-4adc-9d72-5948a1fa432e', 'Herawati', 'Herawati', 2, 'bebd4490-0f45-41e4-a6d5-69ae22ef0fdc', NULL, NULL, NULL, NULL, 3, NULL, NULL, NULL, NULL, NULL, NULL, NULL, NULL, 'ab862028-ec3d-476a-9840-f4dc58694127', NULL, '2024-04-13 09:52:07', '2024-04-13 09:52:07'),
('2061d773-adb1-41b5-9956-75fffaff3688', 'Deni', 'Deni', 1, '36ccc9dc-8af5-453c-b527-ef3426cd6549', NULL, NULL, NULL, NULL, 2, NULL, NULL, NULL, NULL, NULL, NULL, NULL, NULL, 'ab862028-ec3d-476a-9840-f4dc58694127', NULL, '2024-04-16 10:34:31', '2024-04-16 10:34:31'),
('211ab04f-7a44-414f-bd47-0761007bc03a', 'Sugeng Wardoyo', 'Sugeng Wardoyo', 1, '926ed60f-22e3-42cd-b9a2-0a2cd6ed654c', NULL, NULL, NULL, NULL, 9, NULL, NULL, NULL, NULL, NULL, NULL, NULL, NULL, 'ab862028-ec3d-476a-9840-f4dc58694127', NULL, '2024-01-26 15:44:54', '2024-01-26 15:44:54'),
('219f6bfe-2351-4657-a6be-7a42123fc03e', 'Ivan', 'Ivan', 1, '0a425c6f-8d2c-42e2-bbbd-4769ff44366e', NULL, NULL, NULL, NULL, 3, NULL, NULL, NULL, NULL, NULL, NULL, NULL, NULL, 'ab862028-ec3d-476a-9840-f4dc58694127', NULL, '2024-04-16 10:38:02', '2024-04-16 10:38:02'),
('220cdcaf-3031-4824-a3df-dafc6d9ecf0c', 'Oktariono', 'Oktariono', 1, '44be0555-41fa-4bd4-8485-e966c2bb9d7e', '923f35da-dafe-4403-9cc9-d83bc179a457', NULL, NULL, NULL, 2, NULL, NULL, NULL, NULL, NULL, NULL, NULL, NULL, 'ab862028-ec3d-476a-9840-f4dc58694127', NULL, '2024-01-26 15:26:58', '2024-01-26 16:09:25'),
('224bf0d2-60ce-4683-a671-94ea84ed4e0d', 'Rizki', 'Rizki', 1, '776fbd9d-d54b-4bd0-82a1-41f8b3fdd9ec', NULL, NULL, NULL, NULL, 1, NULL, NULL, NULL, NULL, NULL, NULL, NULL, NULL, 'ab862028-ec3d-476a-9840-f4dc58694127', NULL, '2024-01-25 01:30:56', '2024-01-25 01:30:56'),
('233b53aa-aef9-427f-afcf-c484bb914b69', 'Surinah / Mak Inok', 'Surinah / Mak Inok', 2, NULL, '80133131-6329-46b9-bbc2-a4d29b31977c', NULL, NULL, NULL, 6, NULL, NULL, NULL, NULL, NULL, NULL, NULL, NULL, 'ab862028-ec3d-476a-9840-f4dc58694127', NULL, '2024-04-16 14:13:33', '2024-04-16 14:13:33'),
('23aac46e-c0dc-444c-9ec3-ab4a0e172d2c', 'Jamiha', 'Jamiha', 2, NULL, '8b49cf34-e5a5-436c-9431-07b1e6c9179c', NULL, NULL, NULL, 1, NULL, NULL, NULL, NULL, NULL, NULL, NULL, NULL, 'ab862028-ec3d-476a-9840-f4dc58694127', NULL, '2024-04-16 14:06:16', '2024-04-16 14:06:16'),
('2550e89c-0840-4d7b-8825-37af97e8e1e1', 'Sera Evadia', 'Sera Evadia', 2, '18d78713-c228-4715-93e4-538ff8e4a28b', NULL, NULL, NULL, NULL, 2, NULL, NULL, NULL, NULL, NULL, NULL, NULL, NULL, 'ab862028-ec3d-476a-9840-f4dc58694127', NULL, '2024-01-26 15:56:58', '2024-01-26 15:56:58'),
('27a8f9bd-9026-4117-aa0f-2d1c224825e0', 'Arjunawati', 'Arjunawati', 2, '344ee3a3-da00-471a-af3e-3bfc13421ac6', NULL, NULL, NULL, NULL, 3, NULL, NULL, NULL, NULL, NULL, NULL, NULL, NULL, 'ab862028-ec3d-476a-9840-f4dc58694127', NULL, '2024-04-13 09:56:48', '2024-04-13 09:56:48'),
('2894db1e-071c-4bc7-a65e-c23f4e7f2afa', 'Uyub', 'Uyub', 1, NULL, NULL, NULL, NULL, NULL, NULL, NULL, NULL, NULL, NULL, NULL, NULL, NULL, NULL, 'ab862028-ec3d-476a-9840-f4dc58694127', NULL, '2024-01-25 01:23:38', '2024-01-25 01:23:38'),
('28d367c0-5087-44b5-a5cf-30b8bd9e293f', 'Nila', 'Nila', 2, NULL, '03974a44-7501-4112-a7eb-5bac22e57e07', NULL, NULL, NULL, 7, NULL, NULL, NULL, NULL, NULL, NULL, NULL, NULL, 'ab862028-ec3d-476a-9840-f4dc58694127', NULL, '2024-04-16 13:41:53', '2024-04-16 13:41:53'),
('29a97821-a650-42c7-a09f-820bcf5bc588', 'Nek Yot', 'Nek Yot', 2, '1dabf2fb-dea8-4ad6-96a1-bcfbb26d6f25', NULL, NULL, NULL, NULL, 5, NULL, NULL, NULL, NULL, NULL, NULL, NULL, NULL, 'ab862028-ec3d-476a-9840-f4dc58694127', NULL, '2024-04-16 14:10:59', '2024-04-16 14:10:59'),
('29c14875-2dce-46fa-98cb-7eb247c2e9ef', 'Fera Silviyani', 'Fera Silviyani', 2, '18d78713-c228-4715-93e4-538ff8e4a28b', NULL, NULL, NULL, NULL, 3, NULL, NULL, NULL, NULL, NULL, NULL, NULL, NULL, 'ab862028-ec3d-476a-9840-f4dc58694127', NULL, '2024-01-26 15:57:13', '2024-01-26 15:57:13'),
('2bd183d8-afaf-415a-9ab0-496cd6ec213d', 'Hairudin', 'Hairudin', 1, NULL, '5e597395-f4d2-4a09-b1c4-2a4761409f85', NULL, NULL, NULL, 2, NULL, NULL, NULL, NULL, NULL, NULL, NULL, NULL, 'ab862028-ec3d-476a-9840-f4dc58694127', NULL, '2024-04-17 11:23:26', '2024-04-17 11:23:26'),
('2dedd1a6-5c32-4337-9bd7-6d032a2c0424', 'Kamsina', 'Kamsina', 2, NULL, NULL, NULL, NULL, NULL, NULL, NULL, NULL, NULL, NULL, NULL, NULL, NULL, NULL, 'ab862028-ec3d-476a-9840-f4dc58694127', NULL, '2024-01-26 15:52:12', '2024-01-26 15:52:12'),
('30b725bc-2f2c-4e4f-bfbb-d019e382b1d1', 'Resi', 'Resi', 2, NULL, NULL, NULL, NULL, NULL, NULL, NULL, NULL, NULL, NULL, NULL, NULL, NULL, NULL, 'ab862028-ec3d-476a-9840-f4dc58694127', NULL, '2024-01-26 16:10:45', '2024-01-26 16:10:45'),
('31bcd31f-48c9-4782-ad36-b4aecef2f38f', 'Setia Hati', 'Setia Hati', 2, NULL, '5253b9f2-df20-4417-bc7a-375308729521', NULL, NULL, NULL, 8, NULL, NULL, NULL, NULL, NULL, NULL, NULL, NULL, 'ab862028-ec3d-476a-9840-f4dc58694127', NULL, '2024-04-15 06:41:35', '2024-04-15 06:41:35'),
('32f7bea5-a893-485e-94b4-83494604761e', 'Agus', 'Agus', 1, '44d38484-747b-47ee-a08e-a9bc54cc0baa', NULL, NULL, NULL, NULL, 2, NULL, NULL, NULL, NULL, NULL, NULL, NULL, NULL, 'ab862028-ec3d-476a-9840-f4dc58694127', NULL, '2024-04-17 11:24:52', '2024-04-17 11:24:52'),
('32f97e88-2eb2-4fdf-bab7-a723121abc4f', 'Anne', 'Anne', 2, NULL, 'd9cec92a-8a8e-434d-b4a6-8d7027ee6b47', NULL, NULL, NULL, 1, NULL, NULL, NULL, NULL, NULL, NULL, NULL, NULL, 'ab862028-ec3d-476a-9840-f4dc58694127', NULL, '2024-04-17 11:25:26', '2024-04-17 11:25:26'),
('33119e2a-752c-494f-839f-50382eb3659f', 'Zul', 'Zul', 1, 'ba5fa6c2-7530-4e2a-a5b2-c6a82bbd46da', NULL, NULL, NULL, NULL, 2, NULL, NULL, NULL, NULL, NULL, NULL, NULL, NULL, 'ab862028-ec3d-476a-9840-f4dc58694127', NULL, '2024-01-25 01:24:20', '2024-01-25 01:24:20'),
('3434ad39-2a83-47ea-ac03-54b2504702a4', 'Reza', 'Reza', 1, '102f601c-b885-4717-b2da-ec8af812dfe5', '1c7329a3-55f3-4f2e-bd37-867c016dd755', 'c951e8f1-cf8a-4aed-baf8-fa4492fb1df9', NULL, NULL, 3, NULL, NULL, NULL, NULL, NULL, NULL, NULL, NULL, 'ab862028-ec3d-476a-9840-f4dc58694127', NULL, '2024-01-23 05:02:02', '2024-01-23 05:02:02'),
('344ee3a3-da00-471a-af3e-3bfc13421ac6', 'Arba\'ie / Reba\'', 'Arba\'ie / Reba\'', 1, NULL, 'd01138a5-8684-4567-aac0-23cc0b194403', NULL, NULL, NULL, 2, NULL, NULL, NULL, NULL, NULL, NULL, NULL, NULL, 'ab862028-ec3d-476a-9840-f4dc58694127', NULL, '2024-04-13 09:47:47', '2024-04-13 09:47:47'),
('348c8af2-7351-4d73-a45f-3f94e7945345', 'Andi', 'Andi', 1, NULL, 'a10aa51f-975c-4f6d-83f0-d93a68319295', NULL, NULL, NULL, 1, NULL, NULL, NULL, NULL, NULL, NULL, NULL, NULL, 'ab862028-ec3d-476a-9840-f4dc58694127', NULL, '2024-04-16 10:34:40', '2024-04-16 10:34:40'),
('35c2125b-ecbf-45c3-8784-d2dc19981fad', 'Gita', 'Gita', 2, '4bd1409d-3b2e-492c-ac37-5df7bca0f292', NULL, NULL, NULL, NULL, 2, NULL, NULL, NULL, NULL, NULL, NULL, NULL, NULL, 'ab862028-ec3d-476a-9840-f4dc58694127', NULL, '2024-01-26 16:00:41', '2024-01-26 16:00:41'),
('36c86e93-e504-44bc-8b34-93cb3d9f021d', 'Yuli', 'Yuli', 2, NULL, NULL, NULL, NULL, NULL, NULL, NULL, NULL, NULL, NULL, NULL, NULL, NULL, NULL, 'ab862028-ec3d-476a-9840-f4dc58694127', NULL, '2024-04-16 13:21:02', '2024-04-16 13:21:02'),
('36ccc9dc-8af5-453c-b527-ef3426cd6549', 'Hamzah', 'Hamzah', 1, '650449d8-b9a5-4055-9879-3aa802f155a1', NULL, NULL, NULL, NULL, 1, NULL, NULL, NULL, NULL, NULL, NULL, NULL, NULL, 'ab862028-ec3d-476a-9840-f4dc58694127', NULL, '2024-04-16 10:29:28', '2024-04-16 10:31:03'),
('36e12e59-674c-4c04-8f97-c56401d45114', 'Indah', 'Indah', 2, NULL, '5cfd53b1-602e-4c4a-a593-17e8d2fae788', NULL, NULL, NULL, 3, NULL, NULL, NULL, NULL, NULL, NULL, NULL, NULL, 'ab862028-ec3d-476a-9840-f4dc58694127', NULL, '2024-04-22 14:45:58', '2024-04-22 14:45:58'),
('37b848f5-9448-4bf9-a399-255c3bb4404c', 'Armiyah', 'Armiyah', 2, NULL, '80eda3fd-c167-4b33-af56-d4c97276d38b', NULL, NULL, NULL, 3, NULL, NULL, NULL, NULL, NULL, NULL, NULL, NULL, 'ab862028-ec3d-476a-9840-f4dc58694127', NULL, '2024-04-16 11:11:51', '2024-04-16 11:11:51'),
('3935296f-777c-4d31-88bd-fd8ab2cf459e', 'Suhendi', 'Suhendi', 1, 'abd0a82b-dc5b-4f69-8479-3321280058a2', 'dbe161d2-ca49-4afc-a624-3e2f699abadb', 'd236b9b5-8263-446a-8c0a-f885d8cbfb9b', NULL, NULL, 8, NULL, NULL, NULL, NULL, NULL, NULL, NULL, NULL, 'ab862028-ec3d-476a-9840-f4dc58694127', NULL, '2024-01-20 15:16:58', '2024-01-20 15:16:58'),
('39b9d165-ecd9-4b0d-968c-4a64a59c4fc9', 'Partowinangun', 'Partowinangun', 1, NULL, NULL, NULL, NULL, NULL, NULL, NULL, NULL, NULL, NULL, NULL, NULL, NULL, NULL, 'ab862028-ec3d-476a-9840-f4dc58694127', NULL, '2024-01-26 15:47:03', '2024-01-26 15:47:03'),
('3a1ae47c-c180-43da-8c0f-1ad05610d10d', 'Amir', 'Amir', 1, NULL, NULL, NULL, NULL, NULL, NULL, NULL, NULL, NULL, NULL, NULL, NULL, NULL, NULL, 'ab862028-ec3d-476a-9840-f4dc58694127', NULL, '2024-04-13 09:59:09', '2024-04-13 09:59:09'),
('3a76d21b-ad32-4bcf-9d5e-ff983b873e6f', 'Tri Harsono', 'Tri Harsono', 1, '44be0555-41fa-4bd4-8485-e966c2bb9d7e', '923f35da-dafe-4403-9cc9-d83bc179a457', 'e2093957-7a69-4d6f-9eaa-f7666ba87bea', NULL, NULL, 3, NULL, NULL, NULL, NULL, NULL, NULL, NULL, NULL, 'ab862028-ec3d-476a-9840-f4dc58694127', NULL, '2024-01-26 15:27:59', '2024-01-26 16:10:36'),
('3b04a977-5bb3-486a-8976-0a27c962eb83', 'Suharto', 'Suharto', 1, '926ed60f-22e3-42cd-b9a2-0a2cd6ed654c', NULL, NULL, NULL, NULL, 2, NULL, NULL, NULL, NULL, NULL, NULL, NULL, NULL, 'ab862028-ec3d-476a-9840-f4dc58694127', NULL, '2024-01-26 15:42:48', '2024-01-26 15:42:48'),
('3ca7d46a-49b2-46ee-ae94-2a9c1181a869', 'Kulup', 'Kulup', 1, 'eb496cdb-4842-4e1a-9c82-f6dd2af3713c', NULL, NULL, NULL, NULL, 3, NULL, NULL, NULL, NULL, NULL, NULL, NULL, NULL, 'ab862028-ec3d-476a-9840-f4dc58694127', NULL, '2024-04-13 10:40:05', '2024-04-13 10:40:05'),
('3ce37c41-f7e5-42ae-8334-a8d1c3478bcd', 'Hilya', 'Hilya', 2, 'ab862028-ec3d-476a-9840-f4dc58694127', '12412eb2-478e-4b5c-b7ae-7c2cb4b441db', 'a36e1afa-c0f7-46a9-ad52-4d7e902445e0', NULL, NULL, 3, NULL, NULL, NULL, NULL, NULL, NULL, NULL, NULL, 'ab862028-ec3d-476a-9840-f4dc58694127', NULL, '2024-01-20 15:11:51', '2024-01-23 05:06:05'),
('3d5e7fda-1343-4aaa-b379-0137bbe51cb2', 'Elly', 'Elly', 2, NULL, 'a782461e-f4dc-4f25-9722-18c2cdd05085', NULL, NULL, NULL, 2, NULL, NULL, NULL, NULL, NULL, NULL, NULL, NULL, 'ab862028-ec3d-476a-9840-f4dc58694127', NULL, '2024-01-25 04:11:19', '2024-04-10 04:44:04'),
('3e0b5fb8-f20d-4d78-917a-3e135fac2dbd', 'Een', 'Een', 2, 'f125bef7-f807-4e0d-a2d2-71d27a1ceb0a', NULL, NULL, NULL, NULL, 2, NULL, NULL, NULL, NULL, NULL, NULL, NULL, NULL, 'ab862028-ec3d-476a-9840-f4dc58694127', NULL, '2024-04-16 14:30:31', '2024-04-16 14:30:31'),
('3ee56955-244a-41a5-9b89-3c518543ac75', 'Faqih', 'Faqih', 1, '488090da-0d61-4145-8205-b069edb2ec03', NULL, NULL, NULL, NULL, 1, NULL, NULL, NULL, NULL, NULL, NULL, NULL, NULL, 'ab862028-ec3d-476a-9840-f4dc58694127', NULL, '2024-02-03 05:58:06', '2024-02-03 05:58:06'),
('3f8bda68-ec80-49ab-ae2d-e6188f8b28f0', 'Afiq', 'Afiq', 1, '3935296f-777c-4d31-88bd-fd8ab2cf459e', NULL, NULL, NULL, NULL, 2, NULL, NULL, NULL, NULL, NULL, NULL, NULL, NULL, 'ab862028-ec3d-476a-9840-f4dc58694127', NULL, '2024-01-25 01:31:40', '2024-01-25 01:31:40'),
('428153b9-3826-4f96-88aa-a2f6cd226f1d', 'Novi', 'Novi', 2, '4bd1409d-3b2e-492c-ac37-5df7bca0f292', NULL, NULL, NULL, NULL, 1, NULL, NULL, NULL, NULL, NULL, NULL, NULL, NULL, 'ab862028-ec3d-476a-9840-f4dc58694127', NULL, '2024-01-26 16:00:13', '2024-01-26 16:00:13'),
('44a97856-c2a3-428a-bff6-ef6e833d9d29', 'Ridwan', 'Ridwan', 1, NULL, NULL, NULL, NULL, NULL, NULL, NULL, NULL, NULL, NULL, NULL, NULL, NULL, NULL, 'ab862028-ec3d-476a-9840-f4dc58694127', NULL, '2024-01-23 05:00:33', '2024-01-23 05:00:33'),
('44be0555-41fa-4bd4-8485-e966c2bb9d7e', 'Suroso', 'Suroso', 1, '926ed60f-22e3-42cd-b9a2-0a2cd6ed654c', '848e606c-cfb0-4dfc-b961-4585682901e4', NULL, NULL, NULL, 7, NULL, NULL, NULL, NULL, NULL, NULL, NULL, NULL, 'ab862028-ec3d-476a-9840-f4dc58694127', NULL, '2024-01-26 15:25:36', '2024-01-26 15:44:03'),
('44d38484-747b-47ee-a08e-a9bc54cc0baa', 'Hartono', 'Hartono', 1, NULL, '5e597395-f4d2-4a09-b1c4-2a4761409f85', NULL, NULL, NULL, 1, NULL, NULL, NULL, NULL, NULL, NULL, NULL, NULL, 'ab862028-ec3d-476a-9840-f4dc58694127', NULL, '2024-04-16 14:25:51', '2024-04-16 14:25:51'),
('4621c089-70b1-4d86-ae86-0c0d06ece551', 'Saharin', 'Saharin', 1, '55e18f3f-5d0f-486b-9e79-660dacac2eed', NULL, NULL, NULL, NULL, 1, NULL, NULL, NULL, NULL, NULL, NULL, NULL, NULL, 'ab862028-ec3d-476a-9840-f4dc58694127', NULL, '2024-01-25 01:24:51', '2024-01-25 01:24:51'),
('4705a364-9e19-4cc0-bf21-f1772a218498', 'Aditya', 'Aditya', 1, '5d3dc9e4-0449-4413-be7e-ad5e452e6071', NULL, NULL, NULL, NULL, 1, NULL, NULL, NULL, NULL, NULL, NULL, NULL, NULL, 'ab862028-ec3d-476a-9840-f4dc58694127', NULL, '2024-04-16 10:40:04', '2024-04-16 10:40:04'),
('474cb5dc-2852-4512-a411-0e5ebf1b03e9', 'Hariyani / Dayang', 'Hariyani / Dayang', 2, '650449d8-b9a5-4055-9879-3aa802f155a1', NULL, NULL, NULL, NULL, 10, NULL, NULL, NULL, NULL, 'Semarang', 'komplek permata', NULL, NULL, 'ab862028-ec3d-476a-9840-f4dc58694127', NULL, '2024-04-16 10:33:21', '2024-04-16 10:41:54'),
('4816c507-ef90-4b22-9838-ad67ed17b7be', 'Tini', 'Tini', 2, '0dc28b99-2a9f-4a6b-b644-19ddafce3ba0', NULL, NULL, NULL, NULL, 1, NULL, NULL, NULL, NULL, NULL, NULL, NULL, NULL, 'ab862028-ec3d-476a-9840-f4dc58694127', NULL, '2024-04-16 13:57:52', '2024-04-16 13:57:52'),
('48209515-bf7a-4852-acae-9fa4c6c175e6', 'Benny', 'Benny', 1, NULL, 'da8205b0-b901-493b-90f3-4cd43b5c2bb3', NULL, NULL, NULL, 2, NULL, NULL, NULL, NULL, NULL, NULL, NULL, NULL, 'ab862028-ec3d-476a-9840-f4dc58694127', NULL, '2024-01-26 15:55:32', '2024-01-26 15:55:32'),
('488090da-0d61-4145-8205-b069edb2ec03', 'Dicky', 'Dicky', 1, '44a97856-c2a3-428a-bff6-ef6e833d9d29', '7fa7f94d-9e65-4c9d-ac12-18854ce20492', '20262949-c035-42d9-a8d3-6bd523e355ba', NULL, NULL, 1, NULL, NULL, NULL, NULL, NULL, NULL, NULL, NULL, 'ab862028-ec3d-476a-9840-f4dc58694127', NULL, '2024-01-23 05:01:02', '2024-01-23 06:30:22'),
('488b57cc-62f7-40bf-8ca4-ccf242851657', 'Sutadi', 'Sutadi', 1, NULL, '99b84566-b9d1-488a-944f-30543bd27895', NULL, NULL, NULL, 3, NULL, NULL, NULL, NULL, NULL, NULL, NULL, NULL, 'ab862028-ec3d-476a-9840-f4dc58694127', NULL, '2024-04-16 13:24:24', '2024-04-16 13:24:24'),
('492d3ddb-6888-4a39-9ec8-d49b1fe75d52', 'Jahani', 'Jahani', 1, '786a63bd-1524-4783-8826-050b2d8726ec', NULL, NULL, NULL, NULL, 3, NULL, NULL, NULL, NULL, NULL, NULL, NULL, NULL, 'ab862028-ec3d-476a-9840-f4dc58694127', NULL, '2024-04-16 10:44:28', '2024-04-16 10:44:28'),
('4a00eacc-b914-4e2a-92fa-8adaed3eac01', 'Roni', 'Roni', 1, NULL, '79f00e8c-38ab-4e23-b99a-fb165ed840b4', NULL, NULL, NULL, 1, NULL, NULL, NULL, NULL, NULL, NULL, NULL, NULL, 'ab862028-ec3d-476a-9840-f4dc58694127', NULL, '2024-01-26 16:02:17', '2024-01-26 16:02:17'),
('4a3141f4-7c75-45ae-91c1-cfcbd4396ddc', 'Sugiarti', 'Sugiarti', 2, 'f15e026b-b941-4bf0-a44b-1fd76de5dcdc', '9adf8150-48c7-47f0-9f41-22eac016f97d', '54ac8981-5295-4831-a719-3faada5b8f41', NULL, NULL, 2, NULL, NULL, NULL, NULL, NULL, NULL, NULL, NULL, 'ab862028-ec3d-476a-9840-f4dc58694127', NULL, '2024-01-26 15:53:41', '2024-01-26 15:53:41'),
('4a80e5d8-c566-4cf3-961f-ffb32fadf7ad', 'Kohar', 'Kohar', 1, NULL, NULL, NULL, NULL, NULL, NULL, NULL, NULL, NULL, NULL, NULL, NULL, NULL, NULL, 'ab862028-ec3d-476a-9840-f4dc58694127', NULL, '2024-02-03 05:57:13', '2024-02-03 05:57:13'),
('4bd1409d-3b2e-492c-ac37-5df7bca0f292', 'Suhartono /Nono', 'Suhartono /Nono', 1, '926ed60f-22e3-42cd-b9a2-0a2cd6ed654c', NULL, NULL, NULL, NULL, 10, NULL, NULL, NULL, NULL, NULL, NULL, NULL, NULL, 'ab862028-ec3d-476a-9840-f4dc58694127', NULL, '2024-01-26 15:45:11', '2024-01-26 15:45:11'),
('4c053ab7-48e6-4720-b37f-163ff14b2f1a', 'Atikah', 'Atikah', 2, '63fbd356-e6a6-40ad-8101-7c7c2e7e9211', NULL, NULL, NULL, NULL, 3, NULL, NULL, NULL, NULL, NULL, NULL, NULL, NULL, 'ab862028-ec3d-476a-9840-f4dc58694127', NULL, '2024-01-25 01:30:33', '2024-01-25 01:30:33'),
('4c57d5c4-f97c-4496-be7f-c7df09ace0bc', 'Danu', 'Danu', 1, NULL, '59704d73-64fc-49b3-bef9-d2cfbb6198e6', NULL, NULL, NULL, 1, NULL, NULL, NULL, NULL, 'Inggris', 'Cambridge', NULL, NULL, 'ab862028-ec3d-476a-9840-f4dc58694127', NULL, '2024-04-16 10:38:30', '2024-04-16 10:39:25'),
('4ccc3a29-202d-4271-8532-0f8f5d5562df', 'Adi', 'Adi', 1, '0ab70148-7ad4-4545-bca7-faa464d22c74', 'a1af5f5c-d117-4e91-9b43-277f433901a8', 'de1b66e6-eff3-49ae-b19f-97d8e67f98ba', NULL, NULL, 1, NULL, NULL, NULL, NULL, NULL, NULL, NULL, NULL, 'ab862028-ec3d-476a-9840-f4dc58694127', NULL, '2024-01-26 15:50:50', '2024-01-26 15:50:50'),
('4cebf27f-492e-44d5-b63d-1777192c7783', 'Arbiya', 'Arbiya', 2, NULL, '29a97821-a650-42c7-a09f-820bcf5bc588', NULL, NULL, NULL, 1, NULL, NULL, NULL, NULL, NULL, NULL, NULL, NULL, 'ab862028-ec3d-476a-9840-f4dc58694127', NULL, '2024-04-16 14:15:48', '2024-04-16 14:15:48'),
('4d0cb5df-a7fe-4b51-8eff-ece111cdbb9c', 'Ishak', 'Ishak', 1, '8cfe136f-e18d-47b3-9d93-424bac5bb890', 'd01138a5-8684-4567-aac0-23cc0b194403', '529fbabd-7013-4a49-8a44-637e64739a0d', NULL, NULL, 1, NULL, NULL, NULL, NULL, NULL, NULL, NULL, NULL, 'ab862028-ec3d-476a-9840-f4dc58694127', NULL, '2024-04-18 02:33:21', '2024-04-18 02:33:21'),
('4d707ec7-336e-4d42-9eab-11a51139e7e6', 'Tri', 'Tri', 2, '0ab70148-7ad4-4545-bca7-faa464d22c74', 'a1af5f5c-d117-4e91-9b43-277f433901a8', 'de1b66e6-eff3-49ae-b19f-97d8e67f98ba', NULL, NULL, 3, NULL, NULL, NULL, NULL, NULL, NULL, NULL, NULL, 'ab862028-ec3d-476a-9840-f4dc58694127', NULL, '2024-01-26 15:51:05', '2024-01-26 15:51:05'),
('4da656bd-9800-46e5-b992-f696c55d396d', 'Mukti', 'Mukti', 1, NULL, '5f8d4fd8-933a-4aeb-bf91-57aaebb22c4d', NULL, NULL, NULL, NULL, NULL, NULL, NULL, NULL, NULL, NULL, NULL, NULL, 'ab862028-ec3d-476a-9840-f4dc58694127', NULL, '2024-01-26 15:27:27', '2024-01-26 15:27:27'),
('4fe657fc-9808-44e8-8ac1-2b9ceb2d8d94', 'Deli', 'Deli', 2, NULL, 'e45d9dae-70a6-4ecd-8620-f2f5b7756262', NULL, NULL, NULL, 6, NULL, NULL, NULL, NULL, NULL, NULL, NULL, NULL, 'ab862028-ec3d-476a-9840-f4dc58694127', NULL, '2024-04-10 04:47:16', '2024-04-10 04:47:16'),
('50312579-eadc-401f-818f-0d401bf5303c', 'Harli', 'Harli', 1, NULL, '5e597395-f4d2-4a09-b1c4-2a4761409f85', NULL, NULL, NULL, 4, NULL, NULL, NULL, NULL, NULL, NULL, NULL, NULL, 'ab862028-ec3d-476a-9840-f4dc58694127', NULL, '2024-04-17 11:23:43', '2024-04-17 11:23:43'),
('507ae688-9505-48f5-acd4-da5cb0ea1ddb', 'Ayu', 'Ayu', 2, NULL, 'da8205b0-b901-493b-90f3-4cd43b5c2bb3', NULL, NULL, NULL, 1, NULL, NULL, NULL, NULL, NULL, NULL, NULL, NULL, 'ab862028-ec3d-476a-9840-f4dc58694127', NULL, '2024-01-26 15:55:28', '2024-01-26 15:55:28'),
('5085e5a6-c31e-428d-94aa-6cf792b16538', 'Rustam', 'Rustam', 1, NULL, '5f8d4fd8-933a-4aeb-bf91-57aaebb22c4d', NULL, NULL, NULL, NULL, NULL, NULL, NULL, NULL, NULL, NULL, NULL, NULL, 'ab862028-ec3d-476a-9840-f4dc58694127', NULL, '2024-01-26 15:19:00', '2024-01-26 15:19:00'),
('50b32d46-d4c0-4b2b-82fa-a8f1e543804b', 'Hisyab', 'Hisyab', 1, NULL, NULL, NULL, NULL, NULL, NULL, NULL, NULL, NULL, NULL, NULL, NULL, NULL, NULL, 'ab862028-ec3d-476a-9840-f4dc58694127', NULL, '2024-01-26 16:01:42', '2024-01-26 16:01:42'),
('51152eaa-c0e1-46c9-851c-11246cc54520', 'Eka', 'Eka', 2, 'a8ccd554-f9bd-4db2-9c20-db4fa2f30b1d', NULL, NULL, NULL, NULL, 1, NULL, NULL, NULL, NULL, NULL, NULL, NULL, NULL, 'ab862028-ec3d-476a-9840-f4dc58694127', NULL, '2024-01-25 01:28:16', '2024-01-25 01:28:16'),
('51751c0a-1599-4c47-84e5-646136f2b387', 'Azam', 'Azam', 1, NULL, 'b72c4a9a-bce4-476f-a5ea-7a478210f0ed', NULL, NULL, NULL, 2, NULL, NULL, NULL, NULL, NULL, NULL, NULL, NULL, 'ab862028-ec3d-476a-9840-f4dc58694127', NULL, '2024-02-03 07:37:28', '2024-02-03 07:37:28'),
('5198f17c-abe5-420a-93d2-d586dccee458', 'Mbik', 'Mbik', 2, '0cb04a42-62a4-47f1-83a3-d07742c2f71c', NULL, NULL, NULL, NULL, 3, NULL, NULL, NULL, NULL, NULL, NULL, NULL, NULL, 'ab862028-ec3d-476a-9840-f4dc58694127', NULL, '2024-01-31 02:02:50', '2024-01-31 02:02:50'),
('5253b9f2-df20-4417-bc7a-375308729521', 'Sadariyah', 'Sadariyah', 2, '1dabf2fb-dea8-4ad6-96a1-bcfbb26d6f25', NULL, NULL, NULL, NULL, 7, NULL, NULL, NULL, NULL, NULL, NULL, NULL, NULL, 'ab862028-ec3d-476a-9840-f4dc58694127', NULL, '2024-01-23 04:47:59', '2024-04-16 14:11:16'),
('5267615c-6c43-45f1-9b59-6724082c0c6f', 'Dundu', 'Dundu', 1, 'eb496cdb-4842-4e1a-9c82-f6dd2af3713c', NULL, NULL, NULL, NULL, 4, NULL, NULL, NULL, NULL, NULL, NULL, NULL, NULL, 'ab862028-ec3d-476a-9840-f4dc58694127', NULL, '2024-04-13 10:40:41', '2024-04-13 10:40:41'),
('55be7069-e4cd-4620-8e85-7f12d3043b2e', 'Desi', 'Desi', 2, NULL, '59704d73-64fc-49b3-bef9-d2cfbb6198e6', NULL, NULL, NULL, 3, NULL, NULL, NULL, NULL, NULL, NULL, NULL, NULL, 'ab862028-ec3d-476a-9840-f4dc58694127', NULL, '2024-04-16 10:38:57', '2024-04-16 10:38:57'),
('55e18f3f-5d0f-486b-9e79-660dacac2eed', 'Syamsudin', 'Syamsudin', 1, '0c9eb65a-76b3-4b3d-b25d-621cc23e857a', '85544c09-7c27-4d2c-b725-cedb0e397a65', '938e6359-e6c0-40e0-a0fe-b709432d9cc7', NULL, NULL, 2, NULL, NULL, NULL, NULL, NULL, NULL, NULL, NULL, 'ab862028-ec3d-476a-9840-f4dc58694127', NULL, '2024-01-20 15:26:41', '2024-01-20 15:26:41'),
('579ce4b2-d68d-4c8d-8f20-8bbd10505f76', 'Galuh', 'Galuh', 1, NULL, '474cb5dc-2852-4512-a411-0e5ebf1b03e9', NULL, NULL, NULL, 2, NULL, NULL, NULL, NULL, NULL, NULL, NULL, NULL, 'ab862028-ec3d-476a-9840-f4dc58694127', NULL, '2024-04-16 10:41:46', '2024-04-16 10:41:46'),
('585acc42-e75c-4934-87a9-f348af6155b9', 'Lusi', 'Lusi', 2, NULL, '7db74fcc-d691-40df-b5a4-756208446964', NULL, NULL, NULL, 2, NULL, NULL, NULL, NULL, NULL, NULL, NULL, NULL, 'ab862028-ec3d-476a-9840-f4dc58694127', NULL, '2024-04-16 14:31:51', '2024-04-16 14:31:51'),
('59704d73-64fc-49b3-bef9-d2cfbb6198e6', 'Nuraini / Ani', 'Nuraini / Ani', 2, '650449d8-b9a5-4055-9879-3aa802f155a1', NULL, NULL, NULL, NULL, 7, NULL, NULL, NULL, NULL, NULL, NULL, NULL, NULL, 'ab862028-ec3d-476a-9840-f4dc58694127', NULL, '2024-04-16 10:32:30', '2024-04-16 10:32:30'),
('5a8c1711-c7da-4fb6-ba86-a71e5ecd6cfc', 'Umar', 'Umar', 1, '776fbd9d-d54b-4bd0-82a1-41f8b3fdd9ec', NULL, NULL, NULL, NULL, 3, NULL, NULL, NULL, NULL, NULL, NULL, NULL, NULL, 'ab862028-ec3d-476a-9840-f4dc58694127', NULL, '2024-01-25 01:31:08', '2024-01-25 01:31:08'),
('5c9bda6f-a772-42f7-b5fc-72206e1bfa1d', '?', '?', 2, NULL, '5198f17c-abe5-420a-93d2-d586dccee458', NULL, NULL, NULL, 3, NULL, NULL, NULL, NULL, NULL, NULL, NULL, NULL, 'ab862028-ec3d-476a-9840-f4dc58694127', NULL, '2024-04-13 10:25:16', '2024-04-13 10:25:16'),
('5cd8da45-a54f-4f27-9158-b6684d28082f', 'Anwar', 'Anwar', 1, '3935296f-777c-4d31-88bd-fd8ab2cf459e', NULL, NULL, NULL, NULL, 1, NULL, NULL, NULL, NULL, NULL, NULL, NULL, NULL, 'ab862028-ec3d-476a-9840-f4dc58694127', NULL, '2024-01-25 01:31:20', '2024-01-25 01:31:20'),
('5cfac9d8-aeff-4be3-9a08-9d51b798c787', 'Bima', 'Bima', 1, 'b6915532-6d74-4dd7-bd7f-5703452f521f', 'ec4f06b4-e097-4021-abfd-78ee6a5df3ad', 'cf9133e5-f1cb-4e47-b282-758732aaed10', NULL, NULL, 4, NULL, NULL, NULL, NULL, NULL, NULL, NULL, NULL, 'ab862028-ec3d-476a-9840-f4dc58694127', NULL, '2024-04-22 14:44:52', '2024-04-22 14:44:52'),
('5cfd53b1-602e-4c4a-a593-17e8d2fae788', 'Salma', 'Salma', 2, NULL, '5253b9f2-df20-4417-bc7a-375308729521', NULL, NULL, NULL, 9, NULL, NULL, NULL, NULL, NULL, NULL, NULL, NULL, 'ab862028-ec3d-476a-9840-f4dc58694127', NULL, '2024-04-15 06:41:46', '2024-04-15 06:41:46'),
('5d02a45c-463d-4408-b858-83e79cdb77bb', 'Arjuna', 'Arjuna', 2, '344ee3a3-da00-471a-af3e-3bfc13421ac6', NULL, NULL, NULL, NULL, 1, NULL, NULL, NULL, NULL, NULL, NULL, NULL, NULL, 'ab862028-ec3d-476a-9840-f4dc58694127', NULL, '2024-04-13 09:55:20', '2024-04-13 09:55:20'),
('5d3dc9e4-0449-4413-be7e-ad5e452e6071', 'Hamdani', 'Hamdani', 1, '650449d8-b9a5-4055-9879-3aa802f155a1', NULL, NULL, NULL, NULL, 9, NULL, NULL, NULL, NULL, NULL, NULL, NULL, NULL, 'ab862028-ec3d-476a-9840-f4dc58694127', NULL, '2024-04-16 10:33:03', '2024-04-16 10:33:03'),
('5d9ec4e4-56c5-4736-b6ec-735309af4385', 'Dina', 'Dina', 2, 'ef24fea1-4588-40b9-b211-7ab6b60b439d', 'c4c99fdb-9f42-48f3-9ad1-24234542548f', '85eb80bf-2d58-48fb-b723-d80c6a6e2b69', NULL, NULL, 4, NULL, NULL, NULL, NULL, NULL, NULL, NULL, NULL, 'ab862028-ec3d-476a-9840-f4dc58694127', NULL, '2024-01-23 05:04:41', '2024-01-23 05:04:41'),
('5e10497d-761f-449d-9938-309df18b0e39', 'Ais', 'Ais', 1, '3935296f-777c-4d31-88bd-fd8ab2cf459e', NULL, NULL, NULL, NULL, 3, NULL, NULL, NULL, NULL, NULL, NULL, NULL, NULL, 'ab862028-ec3d-476a-9840-f4dc58694127', NULL, '2024-01-25 01:31:48', '2024-01-25 01:31:48'),
('5e3f4119-eebb-418a-9478-00e36954f834', 'Alisha', 'Alisha', 2, 'cf586932-e418-4059-92dc-e8a51d132728', NULL, NULL, NULL, NULL, 1, NULL, NULL, NULL, NULL, NULL, NULL, NULL, NULL, 'ab862028-ec3d-476a-9840-f4dc58694127', NULL, '2024-02-03 05:59:49', '2024-02-03 05:59:49'),
('5e597395-f4d2-4a09-b1c4-2a4761409f85', 'Hafsah', 'Hafsah', 2, '8cfe136f-e18d-47b3-9d93-424bac5bb890', 'd01138a5-8684-4567-aac0-23cc0b194403', '529fbabd-7013-4a49-8a44-637e64739a0d', NULL, NULL, 4, NULL, NULL, NULL, NULL, NULL, NULL, NULL, NULL, 'ab862028-ec3d-476a-9840-f4dc58694127', NULL, '2024-01-21 07:09:05', '2024-04-16 14:26:23'),
('5f52e747-b6e2-42b0-88ab-642b5883bffd', 'Rumtani', 'Rumtani', 2, 'f1801fcb-1076-463f-8308-8485a390330b', NULL, NULL, NULL, NULL, 2, NULL, NULL, NULL, NULL, NULL, NULL, NULL, NULL, 'ab862028-ec3d-476a-9840-f4dc58694127', NULL, '2024-04-18 03:07:19', '2024-04-18 03:07:19'),
('5f6387b1-9a9c-4e9b-af18-ce3730cfdf0b', 'Yogi', 'Yogi', 1, '211ab04f-7a44-414f-bd47-0761007bc03a', NULL, NULL, NULL, NULL, 1, NULL, NULL, NULL, NULL, NULL, NULL, NULL, NULL, 'ab862028-ec3d-476a-9840-f4dc58694127', NULL, '2024-01-26 15:59:39', '2024-01-26 15:59:39'),
('5f6bbba5-52de-4240-8627-2e71b249a31b', 'Susanti', 'Susanti', 2, '0dc28b99-2a9f-4a6b-b644-19ddafce3ba0', NULL, NULL, NULL, NULL, 2, NULL, NULL, NULL, NULL, NULL, NULL, NULL, NULL, 'ab862028-ec3d-476a-9840-f4dc58694127', NULL, '2024-04-16 13:57:58', '2024-04-16 13:57:58'),
('5f8ac8f4-80f0-442a-9741-eb2c3155e30b', 'Suema', 'Suema', 2, NULL, NULL, NULL, NULL, NULL, NULL, NULL, NULL, NULL, NULL, NULL, NULL, NULL, NULL, 'ab862028-ec3d-476a-9840-f4dc58694127', NULL, '2024-01-26 15:47:37', '2024-01-26 15:47:37'),
('5f8d4fd8-933a-4aeb-bf91-57aaebb22c4d', 'Sia', 'Sia', 2, '786a63bd-1524-4783-8826-050b2d8726ec', NULL, NULL, NULL, NULL, NULL, NULL, NULL, NULL, NULL, NULL, NULL, NULL, NULL, 'ab862028-ec3d-476a-9840-f4dc58694127', NULL, '2024-01-26 15:18:03', '2024-01-26 15:18:03'),
('60dc694a-584b-4fed-bcef-5783e4d30c43', 'Rama', 'Rama', 1, 'b6915532-6d74-4dd7-bd7f-5703452f521f', 'ec4f06b4-e097-4021-abfd-78ee6a5df3ad', 'cf9133e5-f1cb-4e47-b282-758732aaed10', NULL, NULL, 3, NULL, NULL, NULL, NULL, NULL, NULL, NULL, NULL, 'ab862028-ec3d-476a-9840-f4dc58694127', NULL, '2024-04-22 14:44:45', '2024-04-22 14:44:45'),
('6117cec8-8032-43fe-8552-326cdf4b4f8a', 'Zulfili', 'Zulfili', 1, 'fc7415b6-07e0-40f6-ad07-c1a0986931e1', NULL, NULL, NULL, NULL, 2, NULL, NULL, NULL, NULL, NULL, NULL, NULL, NULL, 'ab862028-ec3d-476a-9840-f4dc58694127', NULL, '2024-04-16 13:22:18', '2024-04-16 13:22:18'),
('627a5723-acb1-4199-9f23-be7b17bb6e66', 'Komar', 'Komar', 1, 'b6915532-6d74-4dd7-bd7f-5703452f521f', 'ec4f06b4-e097-4021-abfd-78ee6a5df3ad', 'cf9133e5-f1cb-4e47-b282-758732aaed10', NULL, NULL, 1, NULL, NULL, NULL, NULL, NULL, NULL, NULL, NULL, 'ab862028-ec3d-476a-9840-f4dc58694127', NULL, '2024-04-22 14:44:27', '2024-04-22 14:44:27'),
('63542cae-b1c9-4435-9c86-d3fda7d585be', 'Sudarsono', 'Sudarsono', 1, NULL, NULL, NULL, NULL, NULL, NULL, NULL, NULL, NULL, NULL, NULL, NULL, NULL, NULL, 'ab862028-ec3d-476a-9840-f4dc58694127', NULL, '2024-01-26 15:57:45', '2024-01-26 15:57:45'),
('63a5a774-c03a-4db6-a6cc-b1bfcf331fec', 'Hastina', 'Hastina', 2, '55e18f3f-5d0f-486b-9e79-660dacac2eed', '8d3c4159-22f3-48ee-aac1-db0da80729d4', '820ec2ae-169c-4e52-920b-343d672a0d71', NULL, NULL, 4, NULL, NULL, NULL, NULL, NULL, NULL, NULL, NULL, 'ab862028-ec3d-476a-9840-f4dc58694127', NULL, '2024-01-25 01:25:37', '2024-04-10 04:40:38'),
('63e792ec-24a0-4f7b-8a6b-01174bc15a50', 'Putri', 'Putri', 2, NULL, '79f00e8c-38ab-4e23-b99a-fb165ed840b4', NULL, NULL, NULL, 2, NULL, NULL, NULL, NULL, NULL, NULL, NULL, NULL, 'ab862028-ec3d-476a-9840-f4dc58694127', NULL, '2024-01-26 16:02:24', '2024-01-26 16:02:24'),
('63fbd356-e6a6-40ad-8101-7c7c2e7e9211', 'Sanusi', 'Sanusi', 1, 'abd0a82b-dc5b-4f69-8479-3321280058a2', 'dbe161d2-ca49-4afc-a624-3e2f699abadb', 'd236b9b5-8263-446a-8c0a-f885d8cbfb9b', NULL, NULL, 5, NULL, NULL, NULL, NULL, NULL, NULL, NULL, NULL, 'ab862028-ec3d-476a-9840-f4dc58694127', NULL, '2024-01-20 15:16:11', '2024-01-20 15:16:11'),
('64a35d18-ddb0-44a3-a132-4323ca43014b', 'Sumati', 'Sumiati', 2, NULL, '03974a44-7501-4112-a7eb-5bac22e57e07', NULL, NULL, NULL, 4, NULL, NULL, NULL, NULL, NULL, NULL, NULL, NULL, 'ab862028-ec3d-476a-9840-f4dc58694127', NULL, '2024-04-16 13:40:36', '2024-04-16 13:41:09'),
('64c74e86-26a5-4ba4-95e6-9e6981036bc2', 'Haslini', 'Haslini', 2, '55e18f3f-5d0f-486b-9e79-660dacac2eed', NULL, NULL, NULL, NULL, 2, NULL, NULL, NULL, NULL, NULL, NULL, NULL, NULL, 'ab862028-ec3d-476a-9840-f4dc58694127', NULL, '2024-01-25 01:25:10', '2024-04-10 04:40:21'),
('650449d8-b9a5-4055-9879-3aa802f155a1', 'Mustar', 'Mustar', 1, '786a63bd-1524-4783-8826-050b2d8726ec', NULL, NULL, NULL, NULL, NULL, NULL, NULL, NULL, NULL, NULL, NULL, NULL, NULL, 'ab862028-ec3d-476a-9840-f4dc58694127', NULL, '2024-01-26 15:17:26', '2024-01-26 15:17:26'),
('6655f300-8bce-4285-b3d6-32e90fbf5813', 'Kiki', 'Kiki', 2, '102f601c-b885-4717-b2da-ec8af812dfe5', '1c7329a3-55f3-4f2e-bd37-867c016dd755', 'c951e8f1-cf8a-4aed-baf8-fa4492fb1df9', NULL, NULL, 2, NULL, NULL, NULL, NULL, NULL, NULL, NULL, NULL, 'ab862028-ec3d-476a-9840-f4dc58694127', NULL, '2024-01-23 05:01:55', '2024-01-23 05:01:55'),
('6657c35a-6769-4de9-85b7-ea078cd3fe53', 'Juli', 'Juli', 2, NULL, '0a039c34-ab48-4850-afa2-c273af39849c', NULL, NULL, NULL, 1, NULL, NULL, NULL, NULL, NULL, NULL, NULL, NULL, 'ab862028-ec3d-476a-9840-f4dc58694127', NULL, '2024-04-16 10:21:12', '2024-04-16 10:21:12'),
('66d92d6f-eede-4669-b673-1ba1acd9bdf1', 'Arif', 'Arif', 1, '5d3dc9e4-0449-4413-be7e-ad5e452e6071', NULL, NULL, NULL, NULL, 2, NULL, NULL, NULL, NULL, NULL, NULL, NULL, NULL, 'ab862028-ec3d-476a-9840-f4dc58694127', NULL, '2024-04-16 10:40:20', '2024-04-16 10:40:20'),
('6876de87-d2e2-4d36-9c59-3390235a5bdf', 'Aisyah Alfalah', 'Aisyah Alfalah', 2, NULL, 'cf49d6d3-ce47-4498-915b-1a662071b388', NULL, NULL, NULL, 4, NULL, NULL, NULL, NULL, NULL, NULL, NULL, NULL, 'ab862028-ec3d-476a-9840-f4dc58694127', NULL, '2024-04-16 13:32:17', '2024-04-16 13:32:17'),
('6894ddde-1930-4205-93b3-ef2f00cae964', 'Fitri', 'Fitri', 1, NULL, 'bf668cc6-169a-4bae-9d38-39b19933bce9', NULL, NULL, NULL, 1, NULL, NULL, NULL, NULL, NULL, NULL, NULL, NULL, 'ab862028-ec3d-476a-9840-f4dc58694127', NULL, '2024-01-26 15:58:10', '2024-01-26 15:58:10'),
('68b65005-1db1-4a6b-8aff-2b13832c903e', 'Zamil', 'Zamil', 1, '220cdcaf-3031-4824-a3df-dafc6d9ecf0c', 'ab3afbf7-9985-46d4-8ffa-b9dc44962974', 'a94c248c-09a3-4c94-bcae-f452663cc253', NULL, NULL, 2, NULL, NULL, NULL, NULL, NULL, NULL, NULL, NULL, 'ab862028-ec3d-476a-9840-f4dc58694127', NULL, '2024-01-26 16:09:53', '2024-01-26 16:09:53'),
('692762c9-5b39-4dc8-a226-14e7a9786a6b', 'Iwan', 'Iwan', 1, 'd85ca80a-3ac3-4266-b9fd-d5e5dd8f6e7d', NULL, NULL, NULL, NULL, 1, NULL, NULL, NULL, NULL, NULL, NULL, NULL, NULL, 'ab862028-ec3d-476a-9840-f4dc58694127', NULL, '2024-04-16 14:30:01', '2024-04-16 14:30:01'),
('69e2d314-b7c6-4306-abf3-612d5b38290b', 'Hafiz', 'Hafiz', 1, 'ab862028-ec3d-476a-9840-f4dc58694127', '12412eb2-478e-4b5c-b7ae-7c2cb4b441db', 'a36e1afa-c0f7-46a9-ad52-4d7e902445e0', NULL, NULL, NULL, NULL, NULL, NULL, NULL, NULL, NULL, NULL, NULL, 'ab862028-ec3d-476a-9840-f4dc58694127', NULL, '2024-01-20 15:11:25', '2024-01-23 05:05:48'),
('6ba75fb3-0e7d-4d08-8470-d45340956e41', 'Leo', 'Leo', 1, NULL, '59704d73-64fc-49b3-bef9-d2cfbb6198e6', NULL, NULL, NULL, 2, NULL, NULL, NULL, NULL, 'Bekasi', NULL, NULL, NULL, 'ab862028-ec3d-476a-9840-f4dc58694127', NULL, '2024-04-16 10:38:46', '2024-04-16 10:39:14'),
('6bcf0d45-5cd5-4895-877c-68930eec08aa', 'Dona', 'Dona', 2, '0a425c6f-8d2c-42e2-bbbd-4769ff44366e', NULL, NULL, NULL, NULL, 2, NULL, NULL, NULL, NULL, NULL, NULL, NULL, NULL, 'ab862028-ec3d-476a-9840-f4dc58694127', NULL, '2024-04-16 10:37:51', '2024-04-16 10:37:51'),
('6e598c75-61d4-45e8-b640-ee3fd04033a4', 'Rizki', 'Rizki', 1, NULL, 'b077f681-289b-4fd1-bffa-b2dab2ace92e', NULL, NULL, NULL, 1, NULL, NULL, NULL, NULL, NULL, NULL, NULL, NULL, 'ab862028-ec3d-476a-9840-f4dc58694127', NULL, '2024-01-26 15:55:58', '2024-01-26 15:55:58'),
('6eb00387-f61b-47cd-8427-3c93cd4de917', 'Sundari', 'Sundari', 2, '4d0cb5df-a7fe-4b51-8eff-ece111cdbb9c', NULL, NULL, NULL, NULL, 2, NULL, NULL, NULL, NULL, NULL, NULL, NULL, NULL, 'ab862028-ec3d-476a-9840-f4dc58694127', NULL, '2024-04-18 02:34:00', '2024-04-18 02:34:00'),
('6f2bc869-0432-425f-b9bd-e0240f915886', 'Yansa', 'Yansa', 1, NULL, '03974a44-7501-4112-a7eb-5bac22e57e07', NULL, NULL, NULL, 6, NULL, NULL, NULL, NULL, NULL, NULL, NULL, NULL, 'ab862028-ec3d-476a-9840-f4dc58694127', NULL, '2024-04-16 13:41:43', '2024-04-16 13:41:43'),
('70fc8d37-6538-4bcb-b4d9-7d5d32796866', 'Sutan Arbi', 'Sutan Arbi', 1, NULL, NULL, NULL, NULL, NULL, NULL, NULL, NULL, NULL, NULL, NULL, NULL, NULL, NULL, 'ab862028-ec3d-476a-9840-f4dc58694127', NULL, '2024-04-16 11:14:08', '2024-04-16 11:14:08'),
('7108d8e1-24d0-4a9c-a2e9-0ec577dbb271', 'Herawati', 'Herawati', 2, '4d0cb5df-a7fe-4b51-8eff-ece111cdbb9c', NULL, NULL, NULL, NULL, 3, NULL, NULL, NULL, NULL, NULL, NULL, NULL, NULL, 'ab862028-ec3d-476a-9840-f4dc58694127', NULL, '2024-04-18 02:34:05', '2024-04-18 02:34:05'),
('71124d49-dc94-4194-96e4-5e9880444602', 'Rizki', 'Rizki', 1, 'd85ca80a-3ac3-4266-b9fd-d5e5dd8f6e7d', NULL, NULL, NULL, NULL, 2, NULL, NULL, NULL, NULL, NULL, NULL, NULL, NULL, 'ab862028-ec3d-476a-9840-f4dc58694127', NULL, '2024-04-16 14:30:05', '2024-04-16 14:30:05'),
('7185cac6-a8d5-4d3f-9735-b45a836fa5f5', 'Zulkarnain', 'Zulkarnain', 1, NULL, '01e0de5c-55ec-4a50-b369-ba0bf1c0e474', NULL, NULL, NULL, 1, NULL, NULL, NULL, NULL, NULL, NULL, NULL, NULL, 'ab862028-ec3d-476a-9840-f4dc58694127', NULL, '2024-04-16 14:27:07', '2024-04-16 14:27:07'),
('720a20ac-31ea-4104-9de3-ede73a02760c', 'Idris', 'Idris', 1, NULL, NULL, NULL, NULL, NULL, NULL, NULL, NULL, NULL, NULL, NULL, NULL, NULL, NULL, 'ab862028-ec3d-476a-9840-f4dc58694127', NULL, '2024-04-16 10:20:36', '2024-04-16 10:20:36'),
('7218a6e8-b9a4-4f40-a0ff-2131a93ff00d', 'Sas', 'Sas', 2, 'eb496cdb-4842-4e1a-9c82-f6dd2af3713c', NULL, NULL, NULL, NULL, 1, NULL, NULL, NULL, NULL, NULL, NULL, NULL, NULL, 'ab862028-ec3d-476a-9840-f4dc58694127', NULL, '2024-04-13 10:39:08', '2024-04-13 10:39:08'),
('73850954-10d1-4de4-837d-5e5962653e53', 'Komariyah', 'Komariyah', 2, '6117cec8-8032-43fe-8552-326cdf4b4f8a', NULL, NULL, NULL, NULL, 1, NULL, NULL, NULL, NULL, NULL, NULL, NULL, NULL, 'ab862028-ec3d-476a-9840-f4dc58694127', NULL, '2024-04-16 13:24:56', '2024-04-16 13:24:56'),
('749d43ab-f3f1-427c-8d99-26a6e0e64f39', 'Suhartina', 'Suhartina', 2, '926ed60f-22e3-42cd-b9a2-0a2cd6ed654c', NULL, NULL, NULL, NULL, 11, NULL, NULL, NULL, NULL, NULL, NULL, NULL, NULL, 'ab862028-ec3d-476a-9840-f4dc58694127', NULL, '2024-01-26 15:45:33', '2024-01-26 15:45:33');
INSERT INTO `users` (`id`, `nickname`, `name`, `gender_id`, `father_id`, `mother_id`, `parent_id`, `dob`, `yob`, `birth_order`, `dod`, `yod`, `email`, `password`, `address`, `city`, `phone`, `photo_path`, `manager_id`, `remember_token`, `created_at`, `updated_at`) VALUES
('755c4034-73d9-495b-9152-f397fea4a375', 'Dwi Meyqa', 'Dwi Meyqa', 2, NULL, '5cfd53b1-602e-4c4a-a593-17e8d2fae788', NULL, NULL, NULL, 2, NULL, NULL, NULL, NULL, NULL, NULL, NULL, NULL, 'ab862028-ec3d-476a-9840-f4dc58694127', NULL, '2024-04-22 14:45:52', '2024-04-22 14:45:52'),
('75b12d6d-687b-4cc6-a1b7-5b4d4bc99399', 'Iskandar', 'Iskandar', 1, '4d0cb5df-a7fe-4b51-8eff-ece111cdbb9c', NULL, NULL, NULL, NULL, 1, NULL, NULL, NULL, NULL, NULL, NULL, NULL, NULL, 'ab862028-ec3d-476a-9840-f4dc58694127', NULL, '2024-04-18 02:33:51', '2024-04-18 02:34:32'),
('776932b3-dfea-40ca-92f1-559370718045', 'Panji', 'Panji', 1, NULL, '474cb5dc-2852-4512-a411-0e5ebf1b03e9', NULL, NULL, NULL, 1, NULL, NULL, NULL, NULL, NULL, NULL, NULL, NULL, 'ab862028-ec3d-476a-9840-f4dc58694127', NULL, '2024-04-16 10:41:17', '2024-04-16 10:41:17'),
('776fbd9d-d54b-4bd0-82a1-41f8b3fdd9ec', 'Hamdani', 'Hamdani', 1, 'abd0a82b-dc5b-4f69-8479-3321280058a2', 'dbe161d2-ca49-4afc-a624-3e2f699abadb', 'd236b9b5-8263-446a-8c0a-f885d8cbfb9b', NULL, NULL, 7, NULL, NULL, NULL, NULL, NULL, NULL, NULL, NULL, 'ab862028-ec3d-476a-9840-f4dc58694127', NULL, '2024-01-20 15:16:50', '2024-01-20 15:16:50'),
('786a63bd-1524-4783-8826-050b2d8726ec', 'Dahlan', 'Dahlan', 1, NULL, NULL, NULL, NULL, NULL, NULL, NULL, NULL, NULL, NULL, NULL, NULL, NULL, NULL, 'ab862028-ec3d-476a-9840-f4dc58694127', NULL, '2024-01-26 15:16:15', '2024-01-26 15:16:15'),
('799d6fd5-032f-4f20-8c1f-0e4100700579', 'Hanisa', 'Hanisa', 2, NULL, '5253b9f2-df20-4417-bc7a-375308729521', NULL, NULL, NULL, 6, NULL, NULL, NULL, NULL, NULL, NULL, NULL, NULL, 'ab862028-ec3d-476a-9840-f4dc58694127', NULL, '2024-04-15 06:41:09', '2024-04-15 06:41:09'),
('79f00e8c-38ab-4e23-b99a-fb165ed840b4', 'Sri Siyanti Saputri', 'Sri Siyanti Saputri', 2, '926ed60f-22e3-42cd-b9a2-0a2cd6ed654c', NULL, NULL, NULL, NULL, 13, NULL, NULL, NULL, NULL, NULL, NULL, NULL, NULL, 'ab862028-ec3d-476a-9840-f4dc58694127', NULL, '2024-01-26 15:46:31', '2024-01-26 15:46:31'),
('79fb2bd5-bc0a-4325-993a-0647422c3f71', 'Heri', 'Heri', 1, '0dc28b99-2a9f-4a6b-b644-19ddafce3ba0', NULL, NULL, NULL, NULL, 4, NULL, NULL, NULL, NULL, NULL, NULL, NULL, NULL, 'ab862028-ec3d-476a-9840-f4dc58694127', NULL, '2024-04-16 13:58:12', '2024-04-16 13:58:12'),
('7b02a3fa-acab-4826-bfcf-52e4ec8ceb56', 'Sofia', 'Sofia', 2, NULL, '8b49cf34-e5a5-436c-9431-07b1e6c9179c', NULL, NULL, NULL, 3, NULL, NULL, NULL, NULL, NULL, NULL, NULL, NULL, 'ab862028-ec3d-476a-9840-f4dc58694127', NULL, '2024-04-16 14:06:57', '2024-04-16 14:06:57'),
('7ba6355a-f33d-488b-8ce5-ed268cf35f48', 'Minar', 'Minar', 2, 'eb496cdb-4842-4e1a-9c82-f6dd2af3713c', NULL, NULL, NULL, NULL, 2, NULL, NULL, NULL, NULL, NULL, NULL, NULL, NULL, 'ab862028-ec3d-476a-9840-f4dc58694127', NULL, '2024-04-13 10:39:17', '2024-04-13 10:39:17'),
('7d0ebec7-c0f2-478b-b34b-086978b63def', 'Kiki', 'Kiki', 1, NULL, 'b8812947-80c8-49b1-8bce-cb66729dd900', NULL, NULL, NULL, 1, NULL, NULL, NULL, NULL, NULL, NULL, NULL, NULL, 'ab862028-ec3d-476a-9840-f4dc58694127', NULL, '2024-04-16 10:36:02', '2024-04-16 10:36:02'),
('7db633ef-e1ff-439b-ace4-1cc3b7207777', 'Sahari', 'Sahari', 1, NULL, '5253b9f2-df20-4417-bc7a-375308729521', NULL, NULL, NULL, 4, NULL, NULL, NULL, NULL, NULL, NULL, NULL, NULL, 'ab862028-ec3d-476a-9840-f4dc58694127', NULL, '2024-04-15 06:40:51', '2024-04-15 06:40:51'),
('7db74fcc-d691-40df-b5a4-756208446964', 'Salbiya', 'Salbiya', 2, NULL, 'a6af8189-a787-46f2-8ac4-ea6897e87263', NULL, NULL, NULL, 5, NULL, NULL, NULL, NULL, NULL, NULL, NULL, NULL, 'ab862028-ec3d-476a-9840-f4dc58694127', NULL, '2024-04-16 13:34:19', '2024-04-16 13:34:19'),
('7f566be8-1ca7-4ab0-a788-070560ca3a2e', 'Seliha', 'Seliha', 2, NULL, '5253b9f2-df20-4417-bc7a-375308729521', NULL, NULL, NULL, 7, NULL, NULL, NULL, NULL, NULL, NULL, NULL, NULL, 'ab862028-ec3d-476a-9840-f4dc58694127', NULL, '2024-04-15 06:41:19', '2024-04-15 06:41:19'),
('7fa7f94d-9e65-4c9d-ac12-18854ce20492', 'Ariyani', 'Ariyani', 2, 'abd0a82b-dc5b-4f69-8479-3321280058a2', 'dbe161d2-ca49-4afc-a624-3e2f699abadb', 'd236b9b5-8263-446a-8c0a-f885d8cbfb9b', NULL, NULL, 4, NULL, NULL, NULL, NULL, 'Desa Padang', 'Manggar', NULL, NULL, 'ab862028-ec3d-476a-9840-f4dc58694127', NULL, '2024-01-20 15:16:03', '2024-01-23 05:00:04'),
('80133131-6329-46b9-bbc2-a4d29b31977c', 'Maida', 'Maida', 2, NULL, 'd259241f-2399-4466-9d74-4495cc2f4e32', NULL, NULL, NULL, 3, NULL, NULL, NULL, NULL, NULL, NULL, NULL, NULL, 'ab862028-ec3d-476a-9840-f4dc58694127', NULL, '2024-04-16 14:11:55', '2024-04-16 14:11:55'),
('807245e2-5707-4455-acd9-ac24cf74edb6', 'Kaspianto', 'Kaspianto', 1, NULL, '03974a44-7501-4112-a7eb-5bac22e57e07', NULL, NULL, NULL, 1, NULL, NULL, NULL, NULL, NULL, NULL, NULL, NULL, 'ab862028-ec3d-476a-9840-f4dc58694127', NULL, '2024-04-16 13:39:45', '2024-04-16 13:39:45'),
('807d10dc-2012-401e-b2f0-115b305cda4d', 'Nazarudin', 'Nazarudin', 1, '650449d8-b9a5-4055-9879-3aa802f155a1', NULL, NULL, NULL, NULL, 8, NULL, NULL, NULL, NULL, NULL, NULL, NULL, NULL, 'ab862028-ec3d-476a-9840-f4dc58694127', NULL, '2024-04-16 10:32:40', '2024-04-16 10:32:40'),
('80a19e52-5369-4b25-8daa-3aa20000fe85', 'Mala', 'Mala', 2, NULL, 'a782461e-f4dc-4f25-9722-18c2cdd05085', NULL, NULL, NULL, 5, NULL, NULL, NULL, NULL, NULL, NULL, NULL, NULL, 'ab862028-ec3d-476a-9840-f4dc58694127', NULL, '2024-01-25 04:11:56', '2024-04-10 04:45:06'),
('80a3b040-23b3-47af-b4fc-cd602c3d7f45', 'Tini', 'Tini', 2, 'c5ce86d1-a0a4-466d-95e9-f1d83ef7643e', NULL, NULL, NULL, NULL, 1, NULL, NULL, NULL, NULL, 'Malaysia', NULL, NULL, NULL, 'ab862028-ec3d-476a-9840-f4dc58694127', NULL, '2024-04-16 13:47:12', '2024-04-16 13:47:40'),
('80eda3fd-c167-4b33-af56-d4c97276d38b', 'Saiyot', 'Saiyot', 2, '2894db1e-071c-4bc7-a65e-c23f4e7f2afa', NULL, NULL, NULL, NULL, NULL, NULL, NULL, NULL, NULL, NULL, NULL, NULL, NULL, 'ab862028-ec3d-476a-9840-f4dc58694127', NULL, '2024-04-16 11:06:02', '2024-04-16 11:06:02'),
('826405d7-3735-4c5e-80e1-8f4ab103df3a', 'Iskandar', 'Iskandar', 1, 'bebd4490-0f45-41e4-a6d5-69ae22ef0fdc', NULL, NULL, NULL, NULL, 1, NULL, NULL, NULL, NULL, NULL, NULL, NULL, NULL, 'ab862028-ec3d-476a-9840-f4dc58694127', NULL, '2024-04-13 09:48:34', '2024-04-13 09:48:34'),
('82dbbd07-8203-494b-aa0a-fe0abec8cd03', 'Kuswadi', 'Kuswadi', 1, NULL, '99b84566-b9d1-488a-944f-30543bd27895', NULL, NULL, NULL, 4, NULL, NULL, NULL, NULL, NULL, NULL, NULL, NULL, 'ab862028-ec3d-476a-9840-f4dc58694127', NULL, '2024-04-16 13:24:32', '2024-04-16 13:24:32'),
('82feaabd-ec19-4092-a43a-93cfb28795d9', 'Leon', 'Leon', 1, 'dadf8b77-c1df-44be-961c-807d4e73fa25', NULL, NULL, NULL, NULL, 2, NULL, NULL, NULL, NULL, NULL, NULL, NULL, NULL, 'ab862028-ec3d-476a-9840-f4dc58694127', NULL, '2024-04-16 13:30:14', '2024-04-16 13:30:14'),
('8329dac3-aff7-4bbb-aca8-14681c5c388d', 'Meta', 'Meta', 2, NULL, '7db74fcc-d691-40df-b5a4-756208446964', NULL, NULL, NULL, 1, NULL, NULL, NULL, NULL, NULL, NULL, NULL, NULL, 'ab862028-ec3d-476a-9840-f4dc58694127', NULL, '2024-04-16 14:31:43', '2024-04-16 14:31:43'),
('83648c80-80f7-471d-b132-c95cbbfaa500', 'Zaid', 'Zaid', 1, '220cdcaf-3031-4824-a3df-dafc6d9ecf0c', 'ab3afbf7-9985-46d4-8ffa-b9dc44962974', 'a94c248c-09a3-4c94-bcae-f452663cc253', NULL, NULL, 1, NULL, NULL, NULL, NULL, NULL, NULL, NULL, NULL, 'ab862028-ec3d-476a-9840-f4dc58694127', NULL, '2024-01-26 16:09:45', '2024-01-26 16:09:45'),
('8405d79b-2c18-47aa-8b98-f3e299437d4b', 'Kudi', 'Kudi', 1, NULL, '03974a44-7501-4112-a7eb-5bac22e57e07', NULL, NULL, NULL, 3, NULL, NULL, NULL, NULL, NULL, NULL, NULL, NULL, 'ab862028-ec3d-476a-9840-f4dc58694127', NULL, '2024-04-16 13:40:26', '2024-04-16 13:40:26'),
('842cb78e-f882-4a81-a768-79ae41880b12', 'Riyan', 'Riyan', 1, NULL, 'b8812947-80c8-49b1-8bce-cb66729dd900', NULL, NULL, NULL, 2, NULL, NULL, NULL, NULL, NULL, NULL, NULL, NULL, 'ab862028-ec3d-476a-9840-f4dc58694127', NULL, '2024-04-16 10:36:11', '2024-04-16 10:36:11'),
('848e606c-cfb0-4dfc-b961-4585682901e4', 'Suemah', 'Suemah', 2, NULL, NULL, NULL, NULL, NULL, NULL, NULL, NULL, NULL, NULL, NULL, NULL, NULL, NULL, 'ab862028-ec3d-476a-9840-f4dc58694127', NULL, '2024-01-26 15:28:14', '2024-01-26 15:28:14'),
('84a14a20-7796-40ee-a5cf-c3434c41ddd2', 'Komariyah', 'Komariyah', 2, NULL, '80eda3fd-c167-4b33-af56-d4c97276d38b', NULL, NULL, NULL, 1, NULL, NULL, NULL, NULL, NULL, NULL, NULL, NULL, 'ab862028-ec3d-476a-9840-f4dc58694127', NULL, '2024-04-16 11:11:28', '2024-04-16 11:11:28'),
('85544c09-7c27-4d2c-b725-cedb0e397a65', 'Rakhima', 'Rakhima', 2, '786a63bd-1524-4783-8826-050b2d8726ec', NULL, NULL, NULL, NULL, NULL, NULL, NULL, NULL, NULL, NULL, NULL, NULL, NULL, 'ab862028-ec3d-476a-9840-f4dc58694127', NULL, '2024-01-20 15:20:53', '2024-02-09 07:42:06'),
('859d1689-3e3f-4711-9fa4-d9e04f388b60', 'Arza\'a', 'Arza\'a', 2, NULL, '13fcedb4-26fa-4cb2-9bfc-cecb1d4f5985', NULL, NULL, NULL, 3, NULL, NULL, NULL, NULL, 'Desa Burung Mandi', 'Belitung Timur', NULL, NULL, 'ab862028-ec3d-476a-9840-f4dc58694127', NULL, '2024-04-11 10:12:24', '2024-04-11 10:22:53'),
('877be207-7072-4702-a05d-c82f24b7248b', 'Dwi', 'Dwi', 2, '1415b243-7424-4841-a75b-9d2dca186b8a', '8d5b6b67-99cc-42bb-9489-87b8e6a626ce', 'aa2f2ef2-f63e-4218-bc2c-26c35c78da35', NULL, NULL, 2, NULL, NULL, NULL, NULL, NULL, NULL, NULL, NULL, 'ab862028-ec3d-476a-9840-f4dc58694127', NULL, '2024-01-23 05:02:41', '2024-01-25 01:29:15'),
('89211180-717a-4245-94cb-107b14f4ad6c', 'Sap', 'Sap', 1, NULL, 'e45d9dae-70a6-4ecd-8620-f2f5b7756262', NULL, NULL, NULL, 1, NULL, NULL, NULL, NULL, NULL, NULL, NULL, NULL, 'ab862028-ec3d-476a-9840-f4dc58694127', NULL, '2024-01-25 01:27:13', '2024-01-25 01:27:13'),
('8934dfa8-be99-4694-9642-b55478185e92', 'Sofiah', 'Sofiah', 2, 'd60da728-6414-4348-9979-d4c58a2d895e', NULL, NULL, NULL, NULL, NULL, NULL, NULL, NULL, NULL, NULL, NULL, NULL, NULL, 'ab862028-ec3d-476a-9840-f4dc58694127', NULL, '2024-01-23 06:44:55', '2024-01-23 06:44:55'),
('896a47d4-5993-4c5c-baf6-5f30e8fb0548', 'Rafa', 'Rafa', 1, NULL, '29c14875-2dce-46fa-98cb-7eb247c2e9ef', NULL, NULL, NULL, 2, NULL, NULL, NULL, NULL, NULL, NULL, NULL, NULL, 'ab862028-ec3d-476a-9840-f4dc58694127', NULL, '2024-02-03 06:04:03', '2024-02-03 06:04:03'),
('8b49cf34-e5a5-436c-9431-07b1e6c9179c', 'Mailan', 'Mailan', 2, '9062b4e4-6334-4a8e-aed9-cd062e2e1f46', NULL, NULL, NULL, NULL, NULL, NULL, NULL, NULL, NULL, NULL, NULL, NULL, NULL, 'ab862028-ec3d-476a-9840-f4dc58694127', NULL, '2024-01-23 06:44:31', '2024-04-16 13:46:31'),
('8b6ed18d-d3d1-47e0-afc4-4ee705b1cba1', 'Trisnawati', 'Trisnawati', 2, 'f15e026b-b941-4bf0-a44b-1fd76de5dcdc', '9adf8150-48c7-47f0-9f41-22eac016f97d', '54ac8981-5295-4831-a719-3faada5b8f41', NULL, NULL, 3, NULL, NULL, NULL, NULL, NULL, NULL, NULL, NULL, 'ab862028-ec3d-476a-9840-f4dc58694127', NULL, '2024-01-26 15:53:50', '2024-01-26 15:53:50'),
('8c5c6b7f-50f8-4156-b17c-3eb30d5048e7', 'Ishar', 'Ishar', 1, NULL, 'a6af8189-a787-46f2-8ac4-ea6897e87263', NULL, NULL, NULL, 2, NULL, NULL, NULL, NULL, NULL, NULL, NULL, NULL, 'ab862028-ec3d-476a-9840-f4dc58694127', NULL, '2024-04-16 13:34:01', '2024-04-16 13:34:01'),
('8cfe136f-e18d-47b3-9d93-424bac5bb890', 'Sulaiman', 'Sulaiman / Kek Lo\'', 1, '1dabf2fb-dea8-4ad6-96a1-bcfbb26d6f25', NULL, NULL, NULL, NULL, 6, NULL, NULL, NULL, NULL, NULL, NULL, NULL, NULL, 'ab862028-ec3d-476a-9840-f4dc58694127', NULL, '2024-01-20 15:13:04', '2024-04-16 14:11:06'),
('8d3c4159-22f3-48ee-aac1-db0da80729d4', 'Halijah', 'Halijah', 2, NULL, NULL, NULL, NULL, NULL, NULL, NULL, NULL, NULL, NULL, NULL, NULL, NULL, NULL, 'ab862028-ec3d-476a-9840-f4dc58694127', NULL, '2024-01-25 01:24:42', '2024-04-10 04:38:08'),
('8d3ebf60-adf7-4ac4-8237-82b7edb88128', 'Haji Sidiq', 'Haji Sidiq', 1, NULL, NULL, NULL, NULL, NULL, NULL, NULL, NULL, NULL, NULL, NULL, NULL, NULL, NULL, 'ab862028-ec3d-476a-9840-f4dc58694127', NULL, '2024-04-16 11:13:58', '2024-04-16 11:13:58'),
('8d5b6b67-99cc-42bb-9489-87b8e6a626ce', 'Rum Astini', 'Rum Astini', 2, 'abd0a82b-dc5b-4f69-8479-3321280058a2', 'dbe161d2-ca49-4afc-a624-3e2f699abadb', 'd236b9b5-8263-446a-8c0a-f885d8cbfb9b', NULL, NULL, 2, NULL, NULL, NULL, NULL, NULL, NULL, NULL, NULL, 'ab862028-ec3d-476a-9840-f4dc58694127', NULL, '2024-01-20 15:14:45', '2024-01-20 15:14:45'),
('8e2cc5b9-19bf-4592-93f7-7047324f5fda', 'Riansyah', 'Riansyah', 1, NULL, 'e45d9dae-70a6-4ecd-8620-f2f5b7756262', NULL, NULL, NULL, 5, NULL, NULL, NULL, NULL, NULL, NULL, NULL, NULL, 'ab862028-ec3d-476a-9840-f4dc58694127', NULL, '2024-04-10 04:46:39', '2024-04-10 04:46:39'),
('8ed3240c-a2d3-4cf5-8e97-2273af73b8b6', 'Hariandi', 'Hariandi', 1, NULL, '5e597395-f4d2-4a09-b1c4-2a4761409f85', NULL, NULL, NULL, 5, NULL, NULL, NULL, NULL, NULL, NULL, NULL, NULL, 'ab862028-ec3d-476a-9840-f4dc58694127', NULL, '2024-04-17 11:23:50', '2024-04-17 11:23:50'),
('8f5d4107-4c99-49ef-b583-a9fcd1cb077d', 'Jumiyah', 'Jumiyah', 2, 'fc7415b6-07e0-40f6-ad07-c1a0986931e1', NULL, NULL, NULL, NULL, 4, NULL, NULL, NULL, NULL, NULL, NULL, NULL, NULL, 'ab862028-ec3d-476a-9840-f4dc58694127', NULL, '2024-04-16 13:22:32', '2024-04-16 13:22:32'),
('9062b4e4-6334-4a8e-aed9-cd062e2e1f46', 'Samar', 'Samar', 1, '1dabf2fb-dea8-4ad6-96a1-bcfbb26d6f25', NULL, NULL, NULL, NULL, 1, NULL, NULL, NULL, NULL, NULL, NULL, NULL, NULL, 'ab862028-ec3d-476a-9840-f4dc58694127', NULL, '2024-01-23 06:27:08', '2024-01-23 06:27:08'),
('923f35da-dafe-4403-9cc9-d83bc179a457', 'Dewi Mahkota', 'Dewi Mahkota', 2, NULL, NULL, NULL, NULL, NULL, NULL, NULL, NULL, NULL, NULL, NULL, NULL, NULL, NULL, 'ab862028-ec3d-476a-9840-f4dc58694127', NULL, '2024-01-26 15:25:47', '2024-01-26 15:25:47'),
('926ed60f-22e3-42cd-b9a2-0a2cd6ed654c', 'Saino', 'Saino', 1, '39b9d165-ecd9-4b0d-968c-4a64a59c4fc9', 'aff42cde-7580-4e44-b959-d2bb5dd776e6', NULL, NULL, NULL, NULL, NULL, NULL, NULL, NULL, NULL, NULL, NULL, NULL, 'ab862028-ec3d-476a-9840-f4dc58694127', NULL, '2024-01-26 15:28:06', '2024-01-26 15:47:23'),
('933968fc-7bca-4140-880a-846722d26722', 'Amir', 'Amir', 1, NULL, '5198f17c-abe5-420a-93d2-d586dccee458', NULL, NULL, NULL, 2, NULL, NULL, NULL, NULL, NULL, NULL, NULL, NULL, 'ab862028-ec3d-476a-9840-f4dc58694127', NULL, '2024-01-31 02:27:19', '2024-04-13 10:24:10'),
('93e378cd-08d5-48b6-97f7-5dccaf7936fe', 'junaidi', 'Junaidi / Bujang', 1, '650449d8-b9a5-4055-9879-3aa802f155a1', NULL, NULL, NULL, NULL, 4, NULL, NULL, NULL, NULL, NULL, NULL, NULL, NULL, 'ab862028-ec3d-476a-9840-f4dc58694127', NULL, '2024-01-30 02:12:10', '2024-04-16 10:30:49'),
('9473dbbf-ac1c-46d6-90b1-5463c0a29aed', 'Balita Ningsih', 'Balita Ningsih', 2, '8ed3240c-a2d3-4cf5-8e97-2273af73b8b6', NULL, NULL, NULL, NULL, 2, NULL, NULL, NULL, NULL, NULL, NULL, NULL, NULL, 'ab862028-ec3d-476a-9840-f4dc58694127', NULL, '2024-04-17 11:26:13', '2024-04-17 11:26:13'),
('95277198-3d8f-4e07-a84c-487c588b7de9', 'Yuhendi', 'Yuhendi', 1, '8c5c6b7f-50f8-4156-b17c-3eb30d5048e7', NULL, NULL, NULL, NULL, 3, NULL, NULL, NULL, NULL, NULL, NULL, NULL, NULL, 'ab862028-ec3d-476a-9840-f4dc58694127', NULL, '2024-04-16 14:28:23', '2024-04-16 14:28:23'),
('9678a59f-f9a9-4123-8a32-d9345235fe6f', 'Tika', 'Tika', 2, NULL, '749d43ab-f3f1-427c-8d99-26a6e0e64f39', NULL, NULL, NULL, 1, NULL, NULL, NULL, NULL, NULL, NULL, NULL, NULL, 'ab862028-ec3d-476a-9840-f4dc58694127', NULL, '2024-01-26 16:01:20', '2024-01-26 16:01:20'),
('96c54491-ef1e-4d21-b8e0-4ab8f57cb1c9', 'Rosdiana', 'Rosdiana', 2, 'bebd4490-0f45-41e4-a6d5-69ae22ef0fdc', NULL, NULL, NULL, NULL, 5, NULL, NULL, NULL, NULL, NULL, NULL, NULL, NULL, 'ab862028-ec3d-476a-9840-f4dc58694127', NULL, '2024-04-13 09:51:55', '2024-04-13 09:51:55'),
('971531d3-80a8-4975-b46b-5b0bd9d93ebc', 'Norma', 'Norma', 2, NULL, '0a039c34-ab48-4850-afa2-c273af39849c', NULL, NULL, NULL, 2, NULL, NULL, NULL, NULL, NULL, NULL, NULL, NULL, 'ab862028-ec3d-476a-9840-f4dc58694127', NULL, '2024-04-16 10:21:17', '2024-04-16 10:21:17'),
('97dbd7cc-880a-44d7-90c7-18ddc49c7cde', 'Harniati', 'Harniati', 2, '44d38484-747b-47ee-a08e-a9bc54cc0baa', NULL, NULL, NULL, NULL, 1, NULL, NULL, NULL, NULL, NULL, NULL, NULL, NULL, 'ab862028-ec3d-476a-9840-f4dc58694127', NULL, '2024-04-17 11:24:48', '2024-04-17 11:24:48'),
('98296ca7-1042-4d39-b76b-4f908e64cd69', 'Hazi Risdan', 'Hazi Risdan', 1, '50312579-eadc-401f-818f-0d401bf5303c', NULL, NULL, NULL, NULL, 1, NULL, NULL, NULL, NULL, NULL, NULL, NULL, NULL, 'ab862028-ec3d-476a-9840-f4dc58694127', NULL, '2024-04-17 11:25:47', '2024-04-17 11:25:47'),
('98f40199-a78c-4636-9c04-9def044cdde7', 'Ruzi', 'Ruzi', 1, '2bd183d8-afaf-415a-9ab0-496cd6ec213d', NULL, NULL, NULL, NULL, 2, NULL, NULL, NULL, NULL, NULL, NULL, NULL, NULL, 'ab862028-ec3d-476a-9840-f4dc58694127', NULL, '2024-04-17 11:25:12', '2024-04-17 11:25:12'),
('99b84566-b9d1-488a-944f-30543bd27895', 'Selama', 'Selama', 2, 'fc7415b6-07e0-40f6-ad07-c1a0986931e1', NULL, NULL, NULL, NULL, 1, NULL, NULL, NULL, NULL, NULL, NULL, NULL, NULL, 'ab862028-ec3d-476a-9840-f4dc58694127', NULL, '2024-04-16 13:22:11', '2024-04-16 13:22:11'),
('9adf8150-48c7-47f0-9f41-22eac016f97d', 'Misna', 'Misna', 2, NULL, NULL, NULL, NULL, NULL, NULL, NULL, NULL, NULL, NULL, NULL, NULL, NULL, NULL, 'ab862028-ec3d-476a-9840-f4dc58694127', NULL, '2024-01-26 15:52:55', '2024-01-26 15:52:55'),
('9b4e0f11-6ec8-4d93-9397-2fc241447fe5', 'Ardani', 'Ardani', 1, '8c5c6b7f-50f8-4156-b17c-3eb30d5048e7', NULL, NULL, NULL, NULL, 2, NULL, NULL, NULL, NULL, NULL, NULL, NULL, NULL, 'ab862028-ec3d-476a-9840-f4dc58694127', NULL, '2024-04-16 14:28:18', '2024-04-16 14:28:18'),
('9b65fb7e-c0b1-46cf-93ef-43382e2f6f53', 'Dewi Mahkota', 'Dewi Mahkota', 2, NULL, NULL, NULL, NULL, NULL, NULL, NULL, NULL, NULL, NULL, NULL, NULL, NULL, NULL, 'ab862028-ec3d-476a-9840-f4dc58694127', NULL, '2024-01-26 15:28:24', '2024-01-26 15:28:24'),
('9ce0fef9-1e59-49a9-8710-12a7fe2d6243', 'Robiyah', 'Robiyah', 2, NULL, '5253b9f2-df20-4417-bc7a-375308729521', NULL, NULL, NULL, 3, NULL, NULL, NULL, NULL, NULL, NULL, NULL, NULL, 'ab862028-ec3d-476a-9840-f4dc58694127', NULL, '2024-04-15 06:40:43', '2024-04-15 06:40:43'),
('9e92a51c-f954-4e19-bd45-5f5af7946b9f', 'Yus', 'Yus', 2, 'ba5fa6c2-7530-4e2a-a5b2-c6a82bbd46da', NULL, NULL, NULL, NULL, 1, NULL, NULL, NULL, NULL, NULL, NULL, NULL, NULL, 'ab862028-ec3d-476a-9840-f4dc58694127', NULL, '2024-01-25 01:24:09', '2024-01-25 01:24:09'),
('9ff33e52-54df-4b34-89b4-032a20de9938', 'Komala', 'Komala', 2, NULL, '0a039c34-ab48-4850-afa2-c273af39849c', NULL, NULL, NULL, 4, NULL, NULL, NULL, NULL, NULL, NULL, NULL, NULL, 'ab862028-ec3d-476a-9840-f4dc58694127', NULL, '2024-04-16 10:21:28', '2024-04-16 10:21:28'),
('a10aa51f-975c-4f6d-83f0-d93a68319295', 'Sofia', 'Sofia', 2, '650449d8-b9a5-4055-9879-3aa802f155a1', NULL, NULL, NULL, NULL, 1, NULL, NULL, NULL, NULL, NULL, NULL, NULL, NULL, 'ab862028-ec3d-476a-9840-f4dc58694127', NULL, '2024-01-26 15:20:26', '2024-01-30 02:11:47'),
('a1af5f5c-d117-4e91-9b43-277f433901a8', 'Suparmi / Tembong', 'Suparmi / Tembong', 2, '926ed60f-22e3-42cd-b9a2-0a2cd6ed654c', NULL, NULL, NULL, NULL, 1, NULL, NULL, NULL, NULL, NULL, NULL, NULL, NULL, 'ab862028-ec3d-476a-9840-f4dc58694127', NULL, '2024-01-26 15:42:40', '2024-01-26 15:42:40'),
('a348ac72-6374-484a-b16c-416fa07ac4e1', 'Tari', 'Tari', 2, NULL, 'ec4f06b4-e097-4021-abfd-78ee6a5df3ad', 'cf9133e5-f1cb-4e47-b282-758732aaed10', NULL, NULL, 2, NULL, NULL, NULL, NULL, NULL, NULL, NULL, NULL, 'ab862028-ec3d-476a-9840-f4dc58694127', NULL, '2024-04-22 14:44:34', '2024-04-22 14:45:11'),
('a394e2f2-09ac-43d8-b2bd-f8d018b7c5f8', 'Idil', 'Idil', 1, NULL, '03974a44-7501-4112-a7eb-5bac22e57e07', NULL, NULL, NULL, 5, NULL, NULL, NULL, NULL, NULL, NULL, NULL, NULL, 'ab862028-ec3d-476a-9840-f4dc58694127', NULL, '2024-04-16 13:41:32', '2024-04-16 13:41:32'),
('a4720a9a-b5e9-4a56-a979-4339f92ed323', 'Eko', 'Eko', 1, 'f125bef7-f807-4e0d-a2d2-71d27a1ceb0a', NULL, NULL, NULL, NULL, 3, NULL, NULL, NULL, NULL, NULL, NULL, NULL, NULL, 'ab862028-ec3d-476a-9840-f4dc58694127', NULL, '2024-04-16 14:30:36', '2024-04-16 14:30:36'),
('a563c3b3-de25-426b-9794-937d34396ed5', 'Deki', 'Deki', 1, NULL, '749d43ab-f3f1-427c-8d99-26a6e0e64f39', NULL, NULL, NULL, 2, NULL, NULL, NULL, NULL, NULL, NULL, NULL, NULL, 'ab862028-ec3d-476a-9840-f4dc58694127', NULL, '2024-01-26 16:01:25', '2024-01-26 16:01:25'),
('a685d0e6-2c90-4a65-af01-5ac365581a48', 'Alif', 'Alif', 1, '776fbd9d-d54b-4bd0-82a1-41f8b3fdd9ec', NULL, NULL, NULL, NULL, 2, NULL, NULL, NULL, NULL, NULL, NULL, NULL, NULL, 'ab862028-ec3d-476a-9840-f4dc58694127', NULL, '2024-01-25 01:31:03', '2024-01-25 01:31:03'),
('a6af8189-a787-46f2-8ac4-ea6897e87263', 'Mima', 'Mima', 2, 'cc4c6003-d16f-4bad-82b3-07f43a977fe6', NULL, NULL, NULL, NULL, 2, NULL, NULL, NULL, NULL, NULL, NULL, NULL, NULL, 'ab862028-ec3d-476a-9840-f4dc58694127', NULL, '2024-04-16 13:21:57', '2024-04-16 13:21:57'),
('a74a5d9a-d08e-45cc-bec5-e15b6b669017', 'Yusuf', 'Yusuf', 1, NULL, 'a782461e-f4dc-4f25-9722-18c2cdd05085', NULL, NULL, NULL, 1, NULL, NULL, NULL, NULL, NULL, NULL, NULL, NULL, 'ab862028-ec3d-476a-9840-f4dc58694127', NULL, '2024-04-10 04:43:49', '2024-04-10 04:43:49'),
('a782461e-f4dc-4f25-9722-18c2cdd05085', 'Rohana', 'Rohana', 2, '0c9eb65a-76b3-4b3d-b25d-621cc23e857a', '85544c09-7c27-4d2c-b725-cedb0e397a65', '938e6359-e6c0-40e0-a0fe-b709432d9cc7', NULL, NULL, 4, NULL, NULL, NULL, NULL, NULL, NULL, NULL, NULL, 'ab862028-ec3d-476a-9840-f4dc58694127', NULL, '2024-01-20 15:27:33', '2024-01-20 15:27:33'),
('a7af8576-5eb8-468f-9c74-001a9e85cdd5', 'Tahira', 'Tahira', 2, '344ee3a3-da00-471a-af3e-3bfc13421ac6', NULL, NULL, NULL, NULL, 5, NULL, NULL, NULL, NULL, NULL, NULL, NULL, NULL, 'ab862028-ec3d-476a-9840-f4dc58694127', NULL, '2024-04-13 09:57:04', '2024-04-13 09:57:04'),
('a8ccd554-f9bd-4db2-9c20-db4fa2f30b1d', 'Rahim', 'Rahim', 1, '0c9eb65a-76b3-4b3d-b25d-621cc23e857a', '85544c09-7c27-4d2c-b725-cedb0e397a65', '938e6359-e6c0-40e0-a0fe-b709432d9cc7', NULL, NULL, 6, NULL, NULL, NULL, NULL, NULL, NULL, NULL, NULL, 'ab862028-ec3d-476a-9840-f4dc58694127', NULL, '2024-01-20 15:27:54', '2024-01-20 15:27:54'),
('a8e67e8b-608e-473a-84e1-6b3b9dc4303e', 'Iswandi', 'Iswandi', 1, '4d0cb5df-a7fe-4b51-8eff-ece111cdbb9c', NULL, NULL, NULL, NULL, 4, NULL, NULL, NULL, NULL, NULL, NULL, NULL, NULL, 'ab862028-ec3d-476a-9840-f4dc58694127', NULL, '2024-04-18 02:34:18', '2024-04-18 02:34:18'),
('a9175c54-5677-4ffe-88e9-cdebc953e725', 'Rosdiana', 'Rosdiana', 2, NULL, 'd3391841-3a3d-4141-aa1d-97666c26a3e8', NULL, NULL, NULL, 3, NULL, NULL, NULL, NULL, NULL, NULL, NULL, NULL, 'ab862028-ec3d-476a-9840-f4dc58694127', NULL, '2024-04-13 10:36:13', '2024-04-13 10:36:13'),
('a970ecef-f22d-45c1-818c-f013ab52b46e', 'Hidayeni', 'Hidayeni', 2, NULL, 'f9693b34-75c2-46e1-b13d-3b0954d6b9af', NULL, NULL, NULL, 2, NULL, NULL, NULL, NULL, NULL, NULL, NULL, NULL, 'ab862028-ec3d-476a-9840-f4dc58694127', NULL, '2024-04-16 13:31:09', '2024-04-16 13:31:09'),
('a992a84e-d41a-4d7d-8dd0-bd06b73b65c5', 'Salim', 'Salim', 1, NULL, NULL, NULL, NULL, NULL, NULL, NULL, NULL, NULL, NULL, NULL, NULL, NULL, NULL, 'ab862028-ec3d-476a-9840-f4dc58694127', NULL, '2024-01-26 15:18:21', '2024-01-26 15:18:21'),
('aa23ac7c-7111-45e6-a812-b1a8ec8ef70e', 'Iswandi', 'Iswandi', 1, 'bebd4490-0f45-41e4-a6d5-69ae22ef0fdc', NULL, NULL, NULL, NULL, 4, NULL, NULL, NULL, NULL, NULL, NULL, NULL, NULL, 'ab862028-ec3d-476a-9840-f4dc58694127', NULL, '2024-04-13 09:51:49', '2024-04-13 09:51:49'),
('aacd17e3-0de1-40c4-a43f-de9f4b5e053f', 'Tomijo', 'Tomijo', 1, NULL, '5198f17c-abe5-420a-93d2-d586dccee458', NULL, NULL, NULL, 1, NULL, NULL, NULL, NULL, NULL, NULL, NULL, NULL, 'ab862028-ec3d-476a-9840-f4dc58694127', NULL, '2024-01-31 02:06:22', '2024-04-13 10:24:01'),
('ab3afbf7-9985-46d4-8ffa-b9dc44962974', 'Dela', 'Dela', 2, NULL, NULL, NULL, NULL, NULL, NULL, NULL, NULL, NULL, NULL, NULL, NULL, NULL, NULL, 'ab862028-ec3d-476a-9840-f4dc58694127', NULL, '2024-01-26 16:09:12', '2024-01-26 16:09:12'),
('ab63d571-0d1a-43a3-a69a-d12bfd20c284', 'Salma', 'Salma', 2, NULL, 'd3391841-3a3d-4141-aa1d-97666c26a3e8', NULL, NULL, NULL, 4, NULL, NULL, NULL, NULL, NULL, NULL, NULL, NULL, 'ab862028-ec3d-476a-9840-f4dc58694127', NULL, '2024-04-13 10:36:23', '2024-04-13 10:36:23'),
('ab862028-ec3d-476a-9840-f4dc58694127', 'hardi', 'Hardiansyah', 1, 'abd0a82b-dc5b-4f69-8479-3321280058a2', 'dbe161d2-ca49-4afc-a624-3e2f699abadb', 'd236b9b5-8263-446a-8c0a-f885d8cbfb9b', NULL, NULL, 9, NULL, NULL, 'hardi84@gmail.com', '$2y$10$dlTKo7hcvlorWZ118h51wOKzuot02fWnbnZcoDgxdR7xGEnI.9P4u', NULL, NULL, NULL, NULL, 'ab862028-ec3d-476a-9840-f4dc58694127', NULL, '2024-01-20 15:09:31', '2024-01-20 15:15:15'),
('abd0a82b-dc5b-4f69-8479-3321280058a2', 'Hamim Sulaiman', 'Hamim Sulaiman', 1, '8cfe136f-e18d-47b3-9d93-424bac5bb890', 'd01138a5-8684-4567-aac0-23cc0b194403', NULL, NULL, NULL, 3, NULL, NULL, NULL, NULL, NULL, NULL, NULL, NULL, 'ab862028-ec3d-476a-9840-f4dc58694127', NULL, '2024-01-20 15:10:07', '2024-01-21 07:07:31'),
('ac66e460-74a4-44ff-93e1-4b9eb1544438', 'Jahrul Fadil', 'Jahrul Fadil', 1, NULL, 'f9693b34-75c2-46e1-b13d-3b0954d6b9af', NULL, NULL, NULL, 1, NULL, NULL, NULL, NULL, NULL, NULL, NULL, NULL, 'ab862028-ec3d-476a-9840-f4dc58694127', NULL, '2024-04-16 13:30:55', '2024-04-16 13:30:55'),
('acf4104f-2ecd-4295-bd48-8b28bd0021f8', 'Sumi', 'Sumi', 2, 'ba5fa6c2-7530-4e2a-a5b2-c6a82bbd46da', NULL, NULL, NULL, NULL, 3, NULL, NULL, NULL, NULL, NULL, NULL, NULL, NULL, 'ab862028-ec3d-476a-9840-f4dc58694127', NULL, '2024-01-25 01:24:26', '2024-01-25 01:24:26'),
('ad34349b-110d-42fb-a39d-100d67878808', 'Panji', 'Panji', 1, '3b04a977-5bb3-486a-8976-0a27c962eb83', '2dedd1a6-5c32-4337-9bd7-6d032a2c0424', '22cbcb52-8ec3-47cd-8e90-a299837860bd', NULL, NULL, 3, NULL, NULL, NULL, NULL, NULL, NULL, NULL, NULL, 'ab862028-ec3d-476a-9840-f4dc58694127', NULL, '2024-01-26 15:52:36', '2024-01-26 15:52:36'),
('ad5b4477-c0dc-4f82-88e2-884b9ba21197', 'Adnan', 'Adnan', 1, '3935296f-777c-4d31-88bd-fd8ab2cf459e', NULL, NULL, NULL, NULL, 5, NULL, NULL, NULL, NULL, NULL, NULL, NULL, NULL, 'ab862028-ec3d-476a-9840-f4dc58694127', NULL, '2024-01-25 01:32:22', '2024-01-25 01:32:22'),
('ae36ddb1-f23a-4982-9b9e-90513427a274', 'Agung', 'Agung', 1, '3b04a977-5bb3-486a-8976-0a27c962eb83', '2dedd1a6-5c32-4337-9bd7-6d032a2c0424', '22cbcb52-8ec3-47cd-8e90-a299837860bd', NULL, NULL, 3, NULL, NULL, NULL, NULL, NULL, NULL, NULL, NULL, 'ab862028-ec3d-476a-9840-f4dc58694127', NULL, '2024-01-26 15:52:30', '2024-01-26 15:52:30'),
('ae818980-573e-4f2a-92da-95aa84bc89c0', 'Dodon', 'Dodon', 1, '0ab70148-7ad4-4545-bca7-faa464d22c74', 'a1af5f5c-d117-4e91-9b43-277f433901a8', 'de1b66e6-eff3-49ae-b19f-97d8e67f98ba', NULL, NULL, 2, NULL, NULL, NULL, NULL, NULL, NULL, NULL, NULL, 'ab862028-ec3d-476a-9840-f4dc58694127', NULL, '2024-01-26 15:50:57', '2024-01-26 15:50:57'),
('af108619-81a9-4d7c-be2d-9de4914c9ca3', 'Samuiyah', 'Samuiyah', 2, NULL, '80eda3fd-c167-4b33-af56-d4c97276d38b', NULL, NULL, NULL, 2, NULL, NULL, NULL, NULL, NULL, NULL, NULL, NULL, 'ab862028-ec3d-476a-9840-f4dc58694127', NULL, '2024-04-16 11:11:39', '2024-04-16 11:11:39'),
('afd9afad-3181-4a96-9be0-6ae8cb38ec94', 'Yazid', 'Yazid', 1, 'ab862028-ec3d-476a-9840-f4dc58694127', '12412eb2-478e-4b5c-b7ae-7c2cb4b441db', 'a36e1afa-c0f7-46a9-ad52-4d7e902445e0', NULL, NULL, NULL, NULL, NULL, NULL, NULL, NULL, NULL, NULL, NULL, 'ab862028-ec3d-476a-9840-f4dc58694127', NULL, '2024-01-20 15:11:40', '2024-01-23 05:05:56'),
('aff42cde-7580-4e44-b959-d2bb5dd776e6', 'Suaiba', 'Suaiba', 2, NULL, NULL, NULL, NULL, NULL, NULL, NULL, NULL, NULL, NULL, NULL, NULL, NULL, NULL, 'ab862028-ec3d-476a-9840-f4dc58694127', NULL, '2024-01-26 15:47:23', '2024-01-26 15:47:23'),
('b0482965-0df7-4785-9364-5b0dad7021fc', 'Yuli', 'Yuli', 2, NULL, 'a10aa51f-975c-4f6d-83f0-d93a68319295', NULL, NULL, NULL, 2, NULL, NULL, NULL, NULL, 'India', NULL, NULL, NULL, 'ab862028-ec3d-476a-9840-f4dc58694127', NULL, '2024-04-16 10:34:47', '2024-04-16 10:35:01'),
('b049f0c8-96b3-40b2-8dd1-1958d15b1bbd', 'Ilul', 'Ilul', 1, NULL, 'e45d9dae-70a6-4ecd-8620-f2f5b7756262', NULL, NULL, NULL, 7, NULL, NULL, NULL, NULL, NULL, NULL, NULL, NULL, 'ab862028-ec3d-476a-9840-f4dc58694127', NULL, '2024-01-25 01:27:37', '2024-04-10 04:47:26'),
('b077f681-289b-4fd1-bffa-b2dab2ace92e', 'Sunarti', 'Sunarti', 2, '926ed60f-22e3-42cd-b9a2-0a2cd6ed654c', NULL, NULL, NULL, NULL, 5, NULL, NULL, NULL, NULL, NULL, NULL, NULL, NULL, 'ab862028-ec3d-476a-9840-f4dc58694127', NULL, '2024-01-26 15:43:49', '2024-01-26 15:43:49'),
('b0971dac-84ed-45d5-a063-b5aa2d9114a1', 'sundari', 'Sundari', 2, 'bebd4490-0f45-41e4-a6d5-69ae22ef0fdc', NULL, NULL, NULL, NULL, 2, NULL, NULL, NULL, NULL, NULL, NULL, NULL, NULL, 'ab862028-ec3d-476a-9840-f4dc58694127', NULL, '2024-04-13 09:52:30', '2024-04-16 14:21:28'),
('b0c18e63-d8a3-4d32-9358-1d6bfb469da8', 'Hajri', 'Hajri', 1, NULL, '5198f17c-abe5-420a-93d2-d586dccee458', NULL, NULL, NULL, 5, NULL, NULL, NULL, NULL, NULL, NULL, NULL, NULL, 'ab862028-ec3d-476a-9840-f4dc58694127', NULL, '2024-04-13 10:25:48', '2024-04-13 10:25:48'),
('b0e2be68-b16b-4169-98c9-54634d2ec14e', 'Junaidi', 'Junaidi', 1, NULL, 'd3391841-3a3d-4141-aa1d-97666c26a3e8', NULL, NULL, NULL, 1, NULL, NULL, NULL, NULL, NULL, NULL, NULL, NULL, 'ab862028-ec3d-476a-9840-f4dc58694127', NULL, '2024-04-13 10:35:57', '2024-04-13 10:35:57'),
('b15ce015-6d6c-4b11-a2c2-fad7e80999e4', 'Dita', 'Dita', 2, 'ef24fea1-4588-40b9-b211-7ab6b60b439d', 'c4c99fdb-9f42-48f3-9ad1-24234542548f', '85eb80bf-2d58-48fb-b723-d80c6a6e2b69', NULL, NULL, 2, NULL, NULL, NULL, NULL, NULL, NULL, NULL, NULL, 'ab862028-ec3d-476a-9840-f4dc58694127', NULL, '2024-01-23 05:04:26', '2024-01-23 05:04:26'),
('b26a63af-5d3d-4b44-b2b8-6276edbf5b59', 'Ina', 'Ina', 2, NULL, NULL, NULL, NULL, NULL, NULL, NULL, NULL, NULL, NULL, NULL, NULL, NULL, NULL, 'ab862028-ec3d-476a-9840-f4dc58694127', NULL, '2024-01-26 16:00:04', '2024-01-26 16:00:04'),
('b27fd6d1-5a08-4f75-b6b4-dd21a6ff0f54', 'Yunizar', 'Yunizar', 1, '8c5c6b7f-50f8-4156-b17c-3eb30d5048e7', NULL, NULL, NULL, NULL, 1, NULL, NULL, NULL, NULL, NULL, NULL, NULL, NULL, 'ab862028-ec3d-476a-9840-f4dc58694127', NULL, '2024-04-16 14:28:13', '2024-04-16 14:28:13'),
('b29775d4-5415-4078-acc5-cef49870421d', 'Desy', 'Desy', 2, NULL, 'bf668cc6-169a-4bae-9d38-39b19933bce9', NULL, NULL, NULL, 2, NULL, NULL, NULL, NULL, NULL, NULL, NULL, NULL, 'ab862028-ec3d-476a-9840-f4dc58694127', NULL, '2024-01-26 15:58:18', '2024-01-26 15:58:18'),
('b42eedf1-9233-47b6-bca4-154fc401a223', 'Saharul', 'Saharul', 1, '55e18f3f-5d0f-486b-9e79-660dacac2eed', NULL, NULL, NULL, NULL, 3, NULL, NULL, NULL, NULL, NULL, NULL, NULL, NULL, 'ab862028-ec3d-476a-9840-f4dc58694127', NULL, '2024-01-25 01:25:18', '2024-01-25 01:25:18'),
('b642e3df-bf91-462b-9ac0-7cc4ee85988d', 'Syahrial', 'Syahrial', 1, 'abd0a82b-dc5b-4f69-8479-3321280058a2', 'dbe161d2-ca49-4afc-a624-3e2f699abadb', 'd236b9b5-8263-446a-8c0a-f885d8cbfb9b', NULL, NULL, 6, NULL, NULL, NULL, NULL, NULL, NULL, NULL, NULL, 'ab862028-ec3d-476a-9840-f4dc58694127', NULL, '2024-01-20 15:16:41', '2024-01-20 15:16:41'),
('b6915532-6d74-4dd7-bd7f-5703452f521f', 'Mahfud', 'Mahfud', 1, NULL, NULL, NULL, NULL, NULL, NULL, NULL, NULL, NULL, NULL, NULL, NULL, NULL, NULL, 'ab862028-ec3d-476a-9840-f4dc58694127', NULL, '2024-04-22 14:44:13', '2024-04-22 14:44:13'),
('b72c4a9a-bce4-476f-a5ea-7a478210f0ed', 'Desy', 'Desy', 2, 'ef24fea1-4588-40b9-b211-7ab6b60b439d', 'c4c99fdb-9f42-48f3-9ad1-24234542548f', '85eb80bf-2d58-48fb-b723-d80c6a6e2b69', NULL, NULL, 1, NULL, NULL, NULL, NULL, NULL, NULL, NULL, NULL, 'ab862028-ec3d-476a-9840-f4dc58694127', NULL, '2024-01-23 05:04:17', '2024-01-23 06:29:56'),
('b7f226e9-ce22-4be8-9dab-28ac93c16ec2', 'Dela', 'Dela', 2, 'ef24fea1-4588-40b9-b211-7ab6b60b439d', 'c4c99fdb-9f42-48f3-9ad1-24234542548f', '85eb80bf-2d58-48fb-b723-d80c6a6e2b69', NULL, NULL, 3, NULL, NULL, NULL, NULL, NULL, NULL, NULL, NULL, 'ab862028-ec3d-476a-9840-f4dc58694127', NULL, '2024-01-23 05:04:35', '2024-01-23 05:04:35'),
('b8812947-80c8-49b1-8bce-cb66729dd900', 'Rosmana', 'Rosmana', 2, '650449d8-b9a5-4055-9879-3aa802f155a1', NULL, NULL, NULL, NULL, 3, NULL, NULL, NULL, NULL, NULL, NULL, NULL, NULL, 'ab862028-ec3d-476a-9840-f4dc58694127', NULL, '2024-01-30 02:12:47', '2024-04-16 10:30:35'),
('b9fd7a8b-1f46-4db0-9b69-90561bd2dd21', 'Resti', 'Resti', 2, NULL, 'b077f681-289b-4fd1-bffa-b2dab2ace92e', NULL, NULL, NULL, 2, NULL, NULL, NULL, NULL, NULL, NULL, NULL, NULL, 'ab862028-ec3d-476a-9840-f4dc58694127', NULL, '2024-01-26 15:56:02', '2024-01-26 15:56:02'),
('ba5fa6c2-7530-4e2a-a5b2-c6a82bbd46da', 'Muhammad Sa\'ad', 'Muhammad Sa\'ad', 1, '0c9eb65a-76b3-4b3d-b25d-621cc23e857a', '85544c09-7c27-4d2c-b725-cedb0e397a65', '938e6359-e6c0-40e0-a0fe-b709432d9cc7', NULL, NULL, 1, NULL, NULL, NULL, NULL, NULL, NULL, NULL, NULL, 'ab862028-ec3d-476a-9840-f4dc58694127', NULL, '2024-01-20 15:26:25', '2024-01-20 15:26:25'),
('babd300d-b30d-4b8e-9074-f1fe3924ffad', 'Supriyadi', 'Supriyadi', 1, '6117cec8-8032-43fe-8552-326cdf4b4f8a', NULL, NULL, NULL, NULL, 2, NULL, NULL, NULL, NULL, NULL, NULL, NULL, NULL, 'ab862028-ec3d-476a-9840-f4dc58694127', NULL, '2024-04-16 13:25:02', '2024-04-16 13:25:02'),
('bb2230b9-a8e1-4b11-a908-85042a845836', 'Tahira', 'Tahira', 2, 'f1801fcb-1076-463f-8308-8485a390330b', NULL, NULL, NULL, NULL, 5, NULL, NULL, NULL, NULL, NULL, NULL, NULL, NULL, 'ab862028-ec3d-476a-9840-f4dc58694127', NULL, '2024-04-18 03:07:52', '2024-04-18 03:07:52'),
('bb6d9c60-6d8d-4351-b8f4-2c224db7476a', 'Maya', 'Maya', 2, '0dc28b99-2a9f-4a6b-b644-19ddafce3ba0', NULL, NULL, NULL, NULL, 3, NULL, NULL, NULL, NULL, NULL, NULL, NULL, NULL, 'ab862028-ec3d-476a-9840-f4dc58694127', NULL, '2024-04-16 13:58:05', '2024-04-16 13:58:06'),
('bbbe78e2-ef3a-453b-8633-954c98d7afbb', 'Susanti', 'Susanti', 2, 'c5ce86d1-a0a4-466d-95e9-f1d83ef7643e', NULL, NULL, NULL, NULL, 2, NULL, NULL, NULL, NULL, NULL, NULL, NULL, NULL, 'ab862028-ec3d-476a-9840-f4dc58694127', NULL, '2024-04-16 13:50:15', '2024-04-16 13:50:15'),
('bc080335-ac54-4d72-9e35-01df595f8cb2', 'Lusi', 'Lusi', 1, 'd85ca80a-3ac3-4266-b9fd-d5e5dd8f6e7d', NULL, NULL, NULL, NULL, 3, NULL, NULL, NULL, NULL, NULL, NULL, NULL, NULL, 'ab862028-ec3d-476a-9840-f4dc58694127', NULL, '2024-04-16 14:30:10', '2024-04-16 14:30:10'),
('bc3fa441-84bb-456e-b937-decb27979ba2', 'Sulas', 'Sulas', 2, NULL, '4cebf27f-492e-44d5-b63d-1777192c7783', NULL, NULL, NULL, 2, NULL, NULL, NULL, NULL, NULL, NULL, NULL, NULL, 'ab862028-ec3d-476a-9840-f4dc58694127', NULL, '2024-04-16 14:17:00', '2024-04-16 14:17:00'),
('bc70510f-e3a1-449b-8596-1ac6ce44979c', 'Syarif', 'Syarif', 1, NULL, '7db74fcc-d691-40df-b5a4-756208446964', NULL, NULL, NULL, 4, NULL, NULL, NULL, NULL, NULL, NULL, NULL, NULL, 'ab862028-ec3d-476a-9840-f4dc58694127', NULL, '2024-04-16 14:32:16', '2024-04-16 14:32:16'),
('bd48ece3-06d2-4135-bcb7-75ccbb09eeff', 'Aulia', 'Aulia', 2, '1415b243-7424-4841-a75b-9d2dca186b8a', '8d5b6b67-99cc-42bb-9489-87b8e6a626ce', 'aa2f2ef2-f63e-4218-bc2c-26c35c78da35', NULL, NULL, 3, NULL, NULL, NULL, NULL, NULL, NULL, NULL, NULL, 'ab862028-ec3d-476a-9840-f4dc58694127', NULL, '2024-01-23 05:02:48', '2024-01-23 05:02:48'),
('bdf266d6-933a-4dad-a03f-e688071a57d2', 'Murhadi', 'Murhadi', 1, NULL, '23aac46e-c0dc-444c-9ec3-ab4a0e172d2c', NULL, NULL, NULL, 2, NULL, NULL, NULL, NULL, NULL, NULL, NULL, NULL, 'ab862028-ec3d-476a-9840-f4dc58694127', NULL, '2024-04-16 14:07:24', '2024-04-16 14:07:24'),
('bebd4490-0f45-41e4-a6d5-69ae22ef0fdc', 'Ishak', 'Ishak', 1, NULL, 'd01138a5-8684-4567-aac0-23cc0b194403', NULL, NULL, NULL, 1, NULL, NULL, NULL, NULL, NULL, NULL, NULL, NULL, 'ab862028-ec3d-476a-9840-f4dc58694127', NULL, '2024-04-13 09:47:29', '2024-04-16 14:34:52'),
('bf41dbfa-0d5f-49c5-abea-915875c85d0c', 'Hasnita', 'Hasnita', 2, '55e18f3f-5d0f-486b-9e79-660dacac2eed', '8d3c4159-22f3-48ee-aac1-db0da80729d4', '820ec2ae-169c-4e52-920b-343d672a0d71', NULL, NULL, 5, NULL, NULL, NULL, NULL, NULL, NULL, NULL, NULL, 'ab862028-ec3d-476a-9840-f4dc58694127', NULL, '2024-01-25 01:25:53', '2024-04-10 04:41:03'),
('bf668cc6-169a-4bae-9d38-39b19933bce9', 'Sudiarsih /Tuti', 'Sudiarsih /Tuti', 2, '926ed60f-22e3-42cd-b9a2-0a2cd6ed654c', NULL, NULL, NULL, NULL, 7, NULL, NULL, NULL, NULL, NULL, NULL, NULL, NULL, 'ab862028-ec3d-476a-9840-f4dc58694127', NULL, '2024-01-26 15:44:23', '2024-01-26 15:44:23'),
('bfec40d9-cd1d-4930-b4ea-fb090853f0e7', 'Sahid', 'Sahid', 1, NULL, 'd259241f-2399-4466-9d74-4495cc2f4e32', NULL, NULL, NULL, 2, NULL, NULL, NULL, NULL, NULL, NULL, NULL, NULL, 'ab862028-ec3d-476a-9840-f4dc58694127', NULL, '2024-04-16 14:11:48', '2024-04-16 14:11:48'),
('c0164156-bd65-4b30-8146-2108ad5b8bc0', 'Rosi', 'Rosi', 2, NULL, 'a782461e-f4dc-4f25-9722-18c2cdd05085', NULL, NULL, NULL, 4, NULL, NULL, NULL, NULL, NULL, NULL, NULL, NULL, 'ab862028-ec3d-476a-9840-f4dc58694127', NULL, '2024-01-25 04:12:06', '2024-01-25 04:12:06'),
('c0d29d43-11e0-4de0-8635-0e77dd113115', 'Sutina', 'Sutina', 2, 'fc7415b6-07e0-40f6-ad07-c1a0986931e1', NULL, NULL, NULL, NULL, 3, NULL, NULL, NULL, NULL, NULL, NULL, NULL, NULL, 'ab862028-ec3d-476a-9840-f4dc58694127', NULL, '2024-04-16 13:22:23', '2024-04-16 13:22:23'),
('c2454673-bd30-441a-9052-ab4c50f7a440', 'Sadi', 'Sadi', 1, NULL, 'd259241f-2399-4466-9d74-4495cc2f4e32', NULL, NULL, NULL, 1, NULL, NULL, NULL, NULL, NULL, NULL, NULL, NULL, 'ab862028-ec3d-476a-9840-f4dc58694127', NULL, '2024-04-16 14:11:36', '2024-04-16 14:11:36'),
('c3802c93-8b71-4db9-9917-e4d486bbb5d7', 'Mahina', 'Mahina', 2, NULL, '23aac46e-c0dc-444c-9ec3-ab4a0e172d2c', NULL, NULL, NULL, 1, NULL, NULL, NULL, NULL, NULL, NULL, NULL, NULL, 'ab862028-ec3d-476a-9840-f4dc58694127', NULL, '2024-04-16 14:07:15', '2024-04-16 14:07:15'),
('c496250e-b30a-4a96-a64d-f7ccd4c0451c', 'Bayu', 'Bayu', 1, '1415b243-7424-4841-a75b-9d2dca186b8a', '8d5b6b67-99cc-42bb-9489-87b8e6a626ce', 'aa2f2ef2-f63e-4218-bc2c-26c35c78da35', NULL, NULL, 1, NULL, NULL, NULL, NULL, NULL, NULL, NULL, NULL, 'ab862028-ec3d-476a-9840-f4dc58694127', NULL, '2024-01-23 05:02:29', '2024-01-23 06:29:39'),
('c4c99fdb-9f42-48f3-9ad1-24234542548f', 'Hermawati', 'Hermawati', 2, 'abd0a82b-dc5b-4f69-8479-3321280058a2', 'dbe161d2-ca49-4afc-a624-3e2f699abadb', 'd236b9b5-8263-446a-8c0a-f885d8cbfb9b', NULL, NULL, 3, NULL, NULL, NULL, NULL, NULL, NULL, NULL, NULL, 'ab862028-ec3d-476a-9840-f4dc58694127', NULL, '2024-01-20 15:15:39', '2024-01-20 15:15:39'),
('c56537f8-e2e8-4b76-965d-9ce98349f826', 'Nani', 'Nani', 2, NULL, '5f8d4fd8-933a-4aeb-bf91-57aaebb22c4d', NULL, NULL, NULL, NULL, NULL, NULL, NULL, NULL, NULL, NULL, NULL, NULL, 'ab862028-ec3d-476a-9840-f4dc58694127', NULL, '2024-01-26 15:27:19', '2024-01-26 15:27:19'),
('c5ce86d1-a0a4-466d-95e9-f1d83ef7643e', 'Samsudin', 'Samsudin', 1, '8b49cf34-e5a5-436c-9431-07b1e6c9179c', NULL, NULL, NULL, NULL, 3, NULL, NULL, NULL, NULL, NULL, NULL, NULL, NULL, 'ab862028-ec3d-476a-9840-f4dc58694127', NULL, '2024-04-16 13:38:52', '2024-04-16 13:38:52'),
('c708847e-a145-41bb-ad82-12283bb3b7f7', 'Auliyah Mandela', 'Auliyah Mandela', 2, NULL, 'cf49d6d3-ce47-4498-915b-1a662071b388', NULL, NULL, NULL, 1, NULL, NULL, NULL, NULL, NULL, NULL, NULL, NULL, 'ab862028-ec3d-476a-9840-f4dc58694127', NULL, '2024-04-16 13:31:27', '2024-04-16 13:31:27'),
('c8859f2a-4360-4775-ac9f-e15c8f2722b6', 'Fadila', 'Fadila', 2, NULL, '13bfcb7c-9478-4da1-bb7d-8c6b713cd2d2', NULL, NULL, NULL, 1, NULL, NULL, NULL, NULL, NULL, NULL, NULL, NULL, 'ab862028-ec3d-476a-9840-f4dc58694127', NULL, '2024-01-26 16:01:51', '2024-01-26 16:01:51'),
('c8c9b82c-973f-426d-8fb6-d47efdabf979', 'Siti', 'Siti', 2, '2894db1e-071c-4bc7-a65e-c23f4e7f2afa', NULL, NULL, NULL, NULL, 4, NULL, NULL, NULL, NULL, NULL, NULL, NULL, NULL, 'ab862028-ec3d-476a-9840-f4dc58694127', NULL, '2024-04-16 11:06:44', '2024-04-16 11:06:44'),
('ca02bcd5-eab8-4de6-8be8-ae5619019764', 'Guntur Nelwano', 'Guntur Nelwano', 1, '18d78713-c228-4715-93e4-538ff8e4a28b', NULL, NULL, NULL, NULL, 1, NULL, NULL, NULL, NULL, NULL, NULL, NULL, NULL, 'ab862028-ec3d-476a-9840-f4dc58694127', NULL, '2024-01-26 15:56:44', '2024-01-26 15:56:44'),
('ca720cf8-2903-4565-b28f-11ba1f7e19bb', 'Saman', 'Saman', 1, NULL, '5cfd53b1-602e-4c4a-a593-17e8d2fae788', NULL, NULL, NULL, 1, NULL, NULL, NULL, NULL, NULL, NULL, NULL, NULL, 'ab862028-ec3d-476a-9840-f4dc58694127', NULL, '2024-04-22 14:45:41', '2024-04-22 14:45:41'),
('cb4d7334-b075-4712-9313-606c208d3390', 'Hambiya', 'Hambiya', 2, 'fc7415b6-07e0-40f6-ad07-c1a0986931e1', NULL, NULL, NULL, NULL, 6, NULL, NULL, NULL, NULL, NULL, NULL, NULL, NULL, 'ab862028-ec3d-476a-9840-f4dc58694127', NULL, '2024-04-16 13:22:57', '2024-04-16 13:22:57'),
('cc38af3d-a569-438c-a5bf-5f3d14bf1648', 'Heti', 'Heti', 2, '2bd183d8-afaf-415a-9ab0-496cd6ec213d', NULL, NULL, NULL, NULL, 1, NULL, NULL, NULL, NULL, NULL, NULL, NULL, NULL, 'ab862028-ec3d-476a-9840-f4dc58694127', NULL, '2024-04-17 11:25:08', '2024-04-17 11:25:08'),
('cc4c6003-d16f-4bad-82b3-07f43a977fe6', 'Biman', 'Biman', 1, '1dabf2fb-dea8-4ad6-96a1-bcfbb26d6f25', NULL, NULL, NULL, NULL, 2, NULL, NULL, NULL, NULL, NULL, NULL, NULL, NULL, 'ab862028-ec3d-476a-9840-f4dc58694127', NULL, '2024-01-23 06:27:21', '2024-01-23 06:27:21'),
('cd253c71-29fb-4086-be2b-76cf50cc4011', 'Idrus', 'Idrus', 1, NULL, '31bcd31f-48c9-4782-ad36-b4aecef2f38f', NULL, NULL, NULL, 1, NULL, NULL, NULL, NULL, NULL, NULL, NULL, NULL, 'ab862028-ec3d-476a-9840-f4dc58694127', NULL, '2024-04-18 03:09:07', '2024-04-22 14:46:30'),
('cd9decbd-2eec-47a8-939f-07ecc49b4995', 'Juharto', 'Juharto', 1, '44d38484-747b-47ee-a08e-a9bc54cc0baa', NULL, NULL, NULL, NULL, 3, NULL, NULL, NULL, NULL, NULL, NULL, NULL, NULL, 'ab862028-ec3d-476a-9840-f4dc58694127', NULL, '2024-04-17 11:24:58', '2024-04-17 11:24:58'),
('cf49d6d3-ce47-4498-915b-1a662071b388', 'Hamisa', 'Hamisa', 2, 'fc7415b6-07e0-40f6-ad07-c1a0986931e1', NULL, NULL, NULL, NULL, 8, NULL, NULL, NULL, NULL, NULL, NULL, NULL, NULL, 'ab862028-ec3d-476a-9840-f4dc58694127', NULL, '2024-04-16 13:23:13', '2024-04-16 13:23:13'),
('cf4db20c-6a7f-4ed8-9ae6-66008fa6ca44', 'Rani', 'Rani', 2, '5d3dc9e4-0449-4413-be7e-ad5e452e6071', NULL, NULL, NULL, NULL, 3, NULL, NULL, NULL, NULL, NULL, NULL, NULL, NULL, 'ab862028-ec3d-476a-9840-f4dc58694127', NULL, '2024-04-16 10:40:29', '2024-04-16 10:40:29'),
('cf586932-e418-4059-92dc-e8a51d132728', 'Yunas', 'Yunas', 1, '102f601c-b885-4717-b2da-ec8af812dfe5', '1c7329a3-55f3-4f2e-bd37-867c016dd755', 'c951e8f1-cf8a-4aed-baf8-fa4492fb1df9', NULL, NULL, 1, NULL, NULL, NULL, NULL, NULL, NULL, NULL, NULL, 'ab862028-ec3d-476a-9840-f4dc58694127', NULL, '2024-01-23 05:01:47', '2024-01-23 05:01:47'),
('d01138a5-8684-4567-aac0-23cc0b194403', 'Sahana', 'Sahana', 2, '0cb04a42-62a4-47f1-83a3-d07742c2f71c', '10f3f4bd-063c-4235-a56e-6edace82fe1d', NULL, NULL, NULL, NULL, NULL, NULL, NULL, NULL, NULL, NULL, NULL, NULL, 'ab862028-ec3d-476a-9840-f4dc58694127', NULL, '2024-01-20 15:13:18', '2024-04-13 10:34:44'),
('d170e4d4-bab3-4a97-8265-bf41a9192e92', 'Sauya', 'Sauya', 2, NULL, NULL, NULL, NULL, NULL, NULL, NULL, NULL, NULL, NULL, NULL, NULL, NULL, NULL, 'ab862028-ec3d-476a-9840-f4dc58694127', NULL, '2024-04-16 14:21:50', '2024-04-16 14:21:50'),
('d177b140-b57a-4359-b724-d7688c0cb8f1', 'Salim', 'Salim', 1, NULL, NULL, NULL, NULL, NULL, NULL, NULL, NULL, NULL, NULL, NULL, NULL, NULL, NULL, 'ab862028-ec3d-476a-9840-f4dc58694127', NULL, '2024-04-16 10:21:35', '2024-04-16 10:21:35'),
('d1cc19bc-cc6d-4292-8d4b-c828fd6c66c5', 'Tini', 'Tini', 2, NULL, '80eda3fd-c167-4b33-af56-d4c97276d38b', NULL, NULL, NULL, 6, NULL, NULL, NULL, NULL, NULL, NULL, NULL, NULL, 'ab862028-ec3d-476a-9840-f4dc58694127', NULL, '2024-04-16 11:14:59', '2024-04-16 11:14:59'),
('d1e77bb7-166b-40eb-8184-ed98f4317baa', 'Eko', 'Eko', 1, '3b04a977-5bb3-486a-8976-0a27c962eb83', '2dedd1a6-5c32-4337-9bd7-6d032a2c0424', '22cbcb52-8ec3-47cd-8e90-a299837860bd', NULL, NULL, 1, NULL, NULL, NULL, NULL, NULL, NULL, NULL, NULL, 'ab862028-ec3d-476a-9840-f4dc58694127', NULL, '2024-01-26 15:52:22', '2024-01-26 15:52:22'),
('d259241f-2399-4466-9d74-4495cc2f4e32', 'Saniyah', 'Saniyah', 2, '1dabf2fb-dea8-4ad6-96a1-bcfbb26d6f25', NULL, NULL, NULL, NULL, 4, NULL, NULL, NULL, NULL, NULL, NULL, NULL, NULL, 'ab862028-ec3d-476a-9840-f4dc58694127', NULL, '2024-04-16 14:09:59', '2024-04-16 14:09:59'),
('d2e14bfe-ba4e-45c0-857f-fd4d3aed29ca', 'Emi', 'Emi', 2, 'f125bef7-f807-4e0d-a2d2-71d27a1ceb0a', NULL, NULL, NULL, NULL, 4, NULL, NULL, NULL, NULL, NULL, NULL, NULL, NULL, 'ab862028-ec3d-476a-9840-f4dc58694127', NULL, '2024-04-16 14:30:43', '2024-04-16 14:30:43'),
('d3391841-3a3d-4141-aa1d-97666c26a3e8', 'Tengkaneng', 'Tengkaneng', 2, '0cb04a42-62a4-47f1-83a3-d07742c2f71c', NULL, NULL, NULL, NULL, 5, NULL, NULL, NULL, NULL, NULL, NULL, NULL, NULL, 'ab862028-ec3d-476a-9840-f4dc58694127', NULL, '2024-01-31 01:59:06', '2024-04-13 10:35:35'),
('d3678c1e-89b4-4f62-b3de-ea8e039be850', 'Marlina', 'Marlina', 2, '650449d8-b9a5-4055-9879-3aa802f155a1', NULL, NULL, NULL, NULL, 6, NULL, NULL, NULL, NULL, NULL, NULL, NULL, NULL, 'ab862028-ec3d-476a-9840-f4dc58694127', NULL, '2024-04-16 10:32:03', '2024-04-16 10:32:03'),
('d3e7b954-32f0-4949-8c60-5d1f31fbba05', 'Rosita', 'Rosita', 2, NULL, '4cebf27f-492e-44d5-b63d-1777192c7783', NULL, NULL, NULL, 1, NULL, NULL, NULL, NULL, NULL, NULL, NULL, NULL, 'ab862028-ec3d-476a-9840-f4dc58694127', NULL, '2024-04-16 14:16:55', '2024-04-16 14:16:55'),
('d60da728-6414-4348-9979-d4c58a2d895e', 'Alan', 'Alan', 1, '1dabf2fb-dea8-4ad6-96a1-bcfbb26d6f25', NULL, NULL, NULL, NULL, 3, NULL, NULL, NULL, NULL, NULL, NULL, NULL, NULL, 'ab862028-ec3d-476a-9840-f4dc58694127', NULL, '2024-01-23 06:27:26', '2024-01-23 06:27:26'),
('d85ca80a-3ac3-4266-b9fd-d5e5dd8f6e7d', 'Ratnawi', 'Ratnawi', 1, NULL, 'a6af8189-a787-46f2-8ac4-ea6897e87263', NULL, NULL, NULL, 3, NULL, NULL, NULL, NULL, NULL, NULL, NULL, NULL, 'ab862028-ec3d-476a-9840-f4dc58694127', NULL, '2024-04-16 13:34:06', '2024-04-16 13:34:06'),
('d90a0c9d-fe46-4de3-87d3-ed062256366f', 'Mat adi', 'Mat adi', 1, NULL, '80133131-6329-46b9-bbc2-a4d29b31977c', NULL, NULL, NULL, 1, NULL, NULL, NULL, NULL, NULL, NULL, NULL, NULL, 'ab862028-ec3d-476a-9840-f4dc58694127', NULL, '2024-04-16 14:13:53', '2024-04-16 14:13:53'),
('d93e596f-f91c-4a47-88d7-320c0a36a3af', 'Noraye', 'Noraye', 2, NULL, '5198f17c-abe5-420a-93d2-d586dccee458', NULL, NULL, NULL, 6, NULL, NULL, NULL, NULL, NULL, NULL, NULL, NULL, 'ab862028-ec3d-476a-9840-f4dc58694127', NULL, '2024-01-31 02:27:34', '2024-01-31 02:27:34'),
('d9813981-cc69-4824-b830-3b7ff279a621', 'Edi', 'Edi', 1, NULL, 'e45d9dae-70a6-4ecd-8620-f2f5b7756262', NULL, NULL, NULL, 1, NULL, NULL, NULL, NULL, NULL, NULL, NULL, NULL, 'ab862028-ec3d-476a-9840-f4dc58694127', NULL, '2024-01-25 01:26:29', '2024-01-25 01:26:29'),
('d9cec92a-8a8e-434d-b4a6-8d7027ee6b47', 'Harmasila', 'Harmasila', 2, NULL, '5e597395-f4d2-4a09-b1c4-2a4761409f85', NULL, NULL, NULL, 3, NULL, NULL, NULL, NULL, NULL, NULL, NULL, NULL, 'ab862028-ec3d-476a-9840-f4dc58694127', NULL, '2024-04-17 11:23:34', '2024-04-17 11:23:34'),
('da8205b0-b901-493b-90f3-4cd43b5c2bb3', 'Suhartini', 'Suhartini', 2, '926ed60f-22e3-42cd-b9a2-0a2cd6ed654c', NULL, NULL, NULL, NULL, 4, NULL, NULL, NULL, NULL, NULL, NULL, NULL, NULL, 'ab862028-ec3d-476a-9840-f4dc58694127', NULL, '2024-01-26 15:43:29', '2024-01-26 15:54:17'),
('dadf8b77-c1df-44be-961c-807d4e73fa25', 'Jupri', 'Jupri', 1, 'fc7415b6-07e0-40f6-ad07-c1a0986931e1', NULL, NULL, NULL, NULL, 5, NULL, NULL, NULL, NULL, NULL, NULL, NULL, NULL, 'ab862028-ec3d-476a-9840-f4dc58694127', NULL, '2024-04-16 13:22:44', '2024-04-16 13:22:44'),
('dbe161d2-ca49-4afc-a624-3e2f699abadb', 'Sya\'diah', 'Sya\'diah', 2, '0c9eb65a-76b3-4b3d-b25d-621cc23e857a', '85544c09-7c27-4d2c-b725-cedb0e397a65', NULL, NULL, '1938', 3, NULL, NULL, NULL, NULL, NULL, NULL, NULL, NULL, 'ab862028-ec3d-476a-9840-f4dc58694127', NULL, '2024-01-20 15:10:17', '2024-01-20 15:28:35'),
('dbf83a30-f4f8-4f83-8be2-3c6fd841cdde', 'Aziz', 'Aziz', 1, '63fbd356-e6a6-40ad-8101-7c7c2e7e9211', NULL, NULL, NULL, NULL, 1, NULL, NULL, NULL, NULL, NULL, NULL, NULL, NULL, 'ab862028-ec3d-476a-9840-f4dc58694127', NULL, '2024-01-25 01:30:13', '2024-01-25 01:30:13'),
('dc0e8a27-d6e8-420f-931e-fe3cd6a3c3ff', 'Dedi', 'Dedi', 1, NULL, NULL, NULL, NULL, NULL, NULL, NULL, NULL, NULL, NULL, NULL, NULL, NULL, NULL, 'ab862028-ec3d-476a-9840-f4dc58694127', NULL, '2024-01-26 16:01:07', '2024-01-26 16:01:07'),
('dc319022-c22c-423e-b5e6-998213443feb', 'Jamariya', 'Jamariya', 2, NULL, '5198f17c-abe5-420a-93d2-d586dccee458', NULL, NULL, NULL, 4, NULL, NULL, NULL, NULL, NULL, NULL, NULL, NULL, 'ab862028-ec3d-476a-9840-f4dc58694127', NULL, '2024-01-31 02:26:57', '2024-04-13 10:24:45'),
('dc77c098-2118-4fb9-ab29-e334f8dbfa10', 'Dahima', 'Dahima', 2, NULL, '29a97821-a650-42c7-a09f-820bcf5bc588', NULL, NULL, NULL, NULL, NULL, NULL, NULL, NULL, NULL, NULL, NULL, NULL, 'ab862028-ec3d-476a-9840-f4dc58694127', NULL, '2024-04-16 14:16:11', '2024-04-16 14:16:11'),
('dce1ba05-f210-4477-9498-6c7ab6086e22', 'Septo Wahyudi', 'Septo Wahyudi', 1, 'a8ccd554-f9bd-4db2-9c20-db4fa2f30b1d', NULL, NULL, NULL, NULL, 2, NULL, NULL, NULL, NULL, NULL, NULL, NULL, NULL, 'ab862028-ec3d-476a-9840-f4dc58694127', NULL, '2024-01-25 01:28:32', '2024-01-25 01:28:32'),
('dea53604-6443-4190-b382-ffe32542d9e4', 'Mariyadi', 'Mariyadi', 1, NULL, 'f0314875-1a80-44f2-91d1-9fd83a04c63d', NULL, NULL, NULL, 1, NULL, NULL, NULL, NULL, NULL, NULL, NULL, NULL, 'ab862028-ec3d-476a-9840-f4dc58694127', NULL, '2024-04-16 14:12:45', '2024-04-16 14:12:45'),
('e21f6575-4e46-4d24-8794-11da3f83fc61', 'Evi', 'Evi', 2, 'f125bef7-f807-4e0d-a2d2-71d27a1ceb0a', NULL, NULL, NULL, NULL, 1, NULL, NULL, NULL, NULL, NULL, NULL, NULL, NULL, 'ab862028-ec3d-476a-9840-f4dc58694127', NULL, '2024-04-16 14:30:27', '2024-04-16 14:30:27'),
('e3e8ee97-09bf-412c-93b5-d33b781600ae', 'Desti', 'Desti', 2, '93e378cd-08d5-48b6-97f7-5dccaf7936fe', NULL, NULL, NULL, NULL, 3, NULL, NULL, NULL, NULL, NULL, NULL, NULL, NULL, 'ab862028-ec3d-476a-9840-f4dc58694127', NULL, '2024-04-16 10:37:10', '2024-04-16 10:37:10'),
('e45d9dae-70a6-4ecd-8620-f2f5b7756262', 'Ramlah', 'Ramlah', 2, '0c9eb65a-76b3-4b3d-b25d-621cc23e857a', '85544c09-7c27-4d2c-b725-cedb0e397a65', '938e6359-e6c0-40e0-a0fe-b709432d9cc7', NULL, NULL, 5, NULL, NULL, NULL, NULL, NULL, NULL, NULL, NULL, 'ab862028-ec3d-476a-9840-f4dc58694127', NULL, '2024-01-20 15:27:42', '2024-01-20 15:27:42');
INSERT INTO `users` (`id`, `nickname`, `name`, `gender_id`, `father_id`, `mother_id`, `parent_id`, `dob`, `yob`, `birth_order`, `dod`, `yod`, `email`, `password`, `address`, `city`, `phone`, `photo_path`, `manager_id`, `remember_token`, `created_at`, `updated_at`) VALUES
('e6c7106f-86c1-43ff-bb03-650ba0ea969a', 'Sugiarto', 'Sugiarto', 1, 'f15e026b-b941-4bf0-a44b-1fd76de5dcdc', '9adf8150-48c7-47f0-9f41-22eac016f97d', '54ac8981-5295-4831-a719-3faada5b8f41', NULL, NULL, 1, NULL, NULL, NULL, NULL, NULL, NULL, NULL, NULL, 'ab862028-ec3d-476a-9840-f4dc58694127', NULL, '2024-01-26 15:53:21', '2024-01-26 15:53:21'),
('e6e4fd7c-eda2-4ff5-8956-626202c02197', 'Bunga', 'Bunga', 2, NULL, 'ab63d571-0d1a-43a3-a69a-d12bfd20c284', NULL, NULL, NULL, 1, NULL, NULL, NULL, NULL, NULL, NULL, NULL, NULL, 'ab862028-ec3d-476a-9840-f4dc58694127', NULL, '2024-04-13 10:36:59', '2024-04-13 10:36:59'),
('e7738b94-6eab-4755-877f-8c109abbbb0a', 'Wulan', 'Wulan', 2, NULL, '7db74fcc-d691-40df-b5a4-756208446964', NULL, NULL, NULL, 3, NULL, NULL, NULL, NULL, NULL, NULL, NULL, NULL, 'ab862028-ec3d-476a-9840-f4dc58694127', NULL, '2024-04-16 14:31:59', '2024-04-16 14:31:59'),
('e87285cc-feb6-4501-ac28-fd90f6b16331', 'Irito', 'Irito', 1, NULL, '99b84566-b9d1-488a-944f-30543bd27895', NULL, NULL, NULL, 2, NULL, NULL, NULL, NULL, NULL, NULL, NULL, NULL, 'ab862028-ec3d-476a-9840-f4dc58694127', NULL, '2024-04-16 13:24:17', '2024-04-16 13:24:17'),
('e8d81bf2-10f9-4c13-a13c-e53d2bcd27bb', 'Hakim', 'Hakim', 1, '63fbd356-e6a6-40ad-8101-7c7c2e7e9211', NULL, NULL, NULL, NULL, 2, NULL, NULL, NULL, NULL, NULL, NULL, NULL, NULL, 'ab862028-ec3d-476a-9840-f4dc58694127', NULL, '2024-01-25 01:30:20', '2024-01-25 01:30:20'),
('eaecc9fc-f9cf-40a9-a12b-d19d41a622f8', 'Sukur', 'Sukur', 1, NULL, '31bcd31f-48c9-4782-ad36-b4aecef2f38f', NULL, NULL, NULL, 2, NULL, NULL, NULL, NULL, NULL, NULL, NULL, NULL, 'ab862028-ec3d-476a-9840-f4dc58694127', NULL, '2024-04-22 14:46:19', '2024-04-22 14:46:19'),
('eb496cdb-4842-4e1a-9c82-f6dd2af3713c', 'Pa\'ie', 'Pa\'ie', 1, NULL, 'd3391841-3a3d-4141-aa1d-97666c26a3e8', NULL, NULL, NULL, 2, NULL, NULL, NULL, NULL, NULL, NULL, NULL, NULL, 'ab862028-ec3d-476a-9840-f4dc58694127', NULL, '2024-04-13 10:36:05', '2024-04-13 10:36:05'),
('ec4f06b4-e097-4021-abfd-78ee6a5df3ad', 'Nur Aida', 'Nur Aida', 2, NULL, '5253b9f2-df20-4417-bc7a-375308729521', NULL, NULL, NULL, 10, NULL, NULL, NULL, NULL, NULL, NULL, NULL, NULL, 'ab862028-ec3d-476a-9840-f4dc58694127', NULL, '2024-04-15 06:42:03', '2024-04-15 06:42:03'),
('ee67f2ba-4c97-482a-8748-060df3588d62', 'Iqbal', 'Iqbal', 1, NULL, 'd9cec92a-8a8e-434d-b4a6-8d7027ee6b47', NULL, NULL, NULL, 2, NULL, NULL, NULL, NULL, 'Damar', 'Damar', '082289004340', NULL, 'ab862028-ec3d-476a-9840-f4dc58694127', NULL, '2024-04-17 11:25:33', '2024-04-17 11:48:48'),
('ef24fea1-4588-40b9-b211-7ab6b60b439d', 'Didin', 'Didin', 1, NULL, NULL, NULL, NULL, NULL, NULL, NULL, NULL, NULL, NULL, NULL, NULL, NULL, NULL, 'ab862028-ec3d-476a-9840-f4dc58694127', NULL, '2024-01-23 05:03:37', '2024-01-23 05:03:37'),
('ef2551d8-445b-4f7f-90d8-4494f10f4085', 'Astrib', 'Astrib', 1, '4a80e5d8-c566-4cf3-961f-ffb32fadf7ad', '7fa7f94d-9e65-4c9d-ac12-18854ce20492', '2f43e2c4-9228-429c-966c-8945ccbf4bb1', NULL, NULL, 3, NULL, NULL, NULL, NULL, NULL, NULL, NULL, NULL, 'ab862028-ec3d-476a-9840-f4dc58694127', NULL, '2024-01-26 16:19:19', '2024-02-03 05:58:46'),
('f0314875-1a80-44f2-91d1-9fd83a04c63d', 'Marina', 'Marina', 2, NULL, 'd259241f-2399-4466-9d74-4495cc2f4e32', NULL, NULL, NULL, 4, NULL, NULL, NULL, NULL, NULL, NULL, NULL, NULL, 'ab862028-ec3d-476a-9840-f4dc58694127', NULL, '2024-04-16 14:12:23', '2024-04-16 14:12:23'),
('f07ae5a9-bc0c-40f3-97d1-707704276845', 'Mahyuni', 'Mahyuni', 2, NULL, NULL, NULL, NULL, NULL, NULL, NULL, NULL, NULL, NULL, NULL, NULL, NULL, NULL, 'ab862028-ec3d-476a-9840-f4dc58694127', NULL, '2024-04-16 14:30:56', '2024-04-16 14:30:56'),
('f125bef7-f807-4e0d-a2d2-71d27a1ceb0a', 'Muis', 'Muis', 1, NULL, 'a6af8189-a787-46f2-8ac4-ea6897e87263', NULL, NULL, NULL, 4, NULL, NULL, NULL, NULL, NULL, NULL, NULL, NULL, 'ab862028-ec3d-476a-9840-f4dc58694127', NULL, '2024-04-16 13:34:13', '2024-04-16 13:34:13'),
('f15e026b-b941-4bf0-a44b-1fd76de5dcdc', 'Sugito / Gareng', 'Sugiarto / Gareng', 1, '926ed60f-22e3-42cd-b9a2-0a2cd6ed654c', NULL, NULL, NULL, NULL, 3, NULL, NULL, NULL, NULL, NULL, NULL, NULL, NULL, 'ab862028-ec3d-476a-9840-f4dc58694127', NULL, '2024-01-26 15:43:17', '2024-01-26 15:53:27'),
('f1801fcb-1076-463f-8308-8485a390330b', 'Arba\'ie', 'Arba\'ie / Reba\'', 1, '8cfe136f-e18d-47b3-9d93-424bac5bb890', NULL, NULL, NULL, NULL, 2, NULL, NULL, NULL, NULL, NULL, NULL, NULL, NULL, 'ab862028-ec3d-476a-9840-f4dc58694127', NULL, '2024-01-21 07:08:56', '2024-04-18 03:05:58'),
('f1d2165e-77c8-4cc5-b282-ef16582b7af4', 'Wenda', 'Wenda', 2, '0a425c6f-8d2c-42e2-bbbd-4769ff44366e', NULL, NULL, NULL, NULL, 1, NULL, NULL, NULL, NULL, NULL, NULL, NULL, NULL, 'ab862028-ec3d-476a-9840-f4dc58694127', NULL, '2024-04-16 10:37:44', '2024-04-16 10:37:44'),
('f1fe4d49-ea7a-47fa-841a-d2da21d8a1e3', 'Heru', 'Heru', 1, '0ab70148-7ad4-4545-bca7-faa464d22c74', 'a1af5f5c-d117-4e91-9b43-277f433901a8', 'de1b66e6-eff3-49ae-b19f-97d8e67f98ba', NULL, NULL, 4, NULL, NULL, NULL, NULL, NULL, NULL, NULL, NULL, 'ab862028-ec3d-476a-9840-f4dc58694127', NULL, '2024-01-26 15:51:47', '2024-01-26 15:51:47'),
('f3ad27ce-622c-4c80-bc77-41b0044531ba', 'Hiliyanto', 'Hiliyanto', 1, NULL, '99b84566-b9d1-488a-944f-30543bd27895', NULL, NULL, NULL, 1, NULL, NULL, NULL, NULL, NULL, NULL, NULL, NULL, 'ab862028-ec3d-476a-9840-f4dc58694127', NULL, '2024-04-16 13:24:10', '2024-04-16 13:24:10'),
('f41c4ce9-02bd-4d06-ae57-e1e87d1e3691', 'Heni', 'Heni', 2, NULL, NULL, NULL, NULL, NULL, NULL, NULL, NULL, NULL, NULL, NULL, NULL, NULL, NULL, 'ab862028-ec3d-476a-9840-f4dc58694127', NULL, '2024-02-03 05:57:47', '2024-02-03 05:57:47'),
('f504aced-366d-46dd-9916-fabe0ef00645', 'Susi', 'Susi', 2, NULL, 'e45d9dae-70a6-4ecd-8620-f2f5b7756262', NULL, NULL, NULL, 2, NULL, NULL, NULL, NULL, NULL, NULL, NULL, NULL, 'ab862028-ec3d-476a-9840-f4dc58694127', NULL, '2024-01-25 01:26:47', '2024-01-25 01:26:47'),
('f60ec05d-3884-4737-a8f3-5052ee6cbd9f', 'Arba\'ie', 'Arba\'ie', 1, NULL, '13fcedb4-26fa-4cb2-9bfc-cecb1d4f5985', NULL, NULL, NULL, 4, NULL, NULL, NULL, NULL, 'Desa Burung Mandi', 'Belitung Timur', NULL, NULL, 'ab862028-ec3d-476a-9840-f4dc58694127', NULL, '2024-01-26 15:18:46', '2024-04-11 10:23:09'),
('f63bb77c-39ca-453b-9a73-d8ee93cf78b6', 'Anasa', 'Anasa', 2, '3935296f-777c-4d31-88bd-fd8ab2cf459e', NULL, NULL, NULL, NULL, 4, NULL, NULL, NULL, NULL, NULL, NULL, NULL, NULL, 'ab862028-ec3d-476a-9840-f4dc58694127', NULL, '2024-01-25 01:32:15', '2024-01-25 01:32:15'),
('f6418d2c-17c3-43a1-b32d-c34262a2e54a', 'Arjunawati', 'Arjunawati', 2, 'f1801fcb-1076-463f-8308-8485a390330b', NULL, NULL, NULL, NULL, 4, NULL, NULL, NULL, NULL, NULL, NULL, NULL, NULL, 'ab862028-ec3d-476a-9840-f4dc58694127', NULL, '2024-04-18 03:07:39', '2024-04-18 03:07:39'),
('f7206747-de7b-44f6-b91e-8984716a6d89', 'Fitriyadi', 'Fitriyadi', 1, NULL, '01e0de5c-55ec-4a50-b369-ba0bf1c0e474', NULL, NULL, NULL, 2, NULL, NULL, NULL, NULL, NULL, NULL, NULL, NULL, 'ab862028-ec3d-476a-9840-f4dc58694127', NULL, '2024-04-16 14:27:14', '2024-04-16 14:27:14'),
('f8948ea0-396d-4a1f-b859-ac2f50270d2c', 'Imam Bunari', 'Imam Bunari', 1, NULL, 'c0d29d43-11e0-4de0-8635-0e77dd113115', NULL, NULL, NULL, 2, NULL, NULL, NULL, NULL, NULL, NULL, NULL, NULL, 'ab862028-ec3d-476a-9840-f4dc58694127', NULL, '2024-04-16 13:28:29', '2024-04-16 13:28:29'),
('f8c9e4fa-219a-41e3-8cc4-19cdf57ecf96', 'Marzuki', 'Marzuki', 1, NULL, '80133131-6329-46b9-bbc2-a4d29b31977c', NULL, NULL, NULL, 2, NULL, NULL, NULL, NULL, NULL, NULL, NULL, NULL, 'ab862028-ec3d-476a-9840-f4dc58694127', NULL, '2024-04-16 14:13:58', '2024-04-16 14:13:58'),
('f8e846b9-4781-42fe-b186-d918cf66f89e', 'Andi Manetea', 'Andi Manetea', 1, NULL, 'cf49d6d3-ce47-4498-915b-1a662071b388', NULL, NULL, NULL, 2, NULL, NULL, NULL, NULL, NULL, NULL, NULL, NULL, 'ab862028-ec3d-476a-9840-f4dc58694127', NULL, '2024-04-16 13:31:41', '2024-04-16 13:31:41'),
('f9693b34-75c2-46e1-b13d-3b0954d6b9af', 'Mulyana', 'Mulyana', 2, 'fc7415b6-07e0-40f6-ad07-c1a0986931e1', NULL, NULL, NULL, NULL, 7, NULL, NULL, NULL, NULL, NULL, NULL, NULL, NULL, 'ab862028-ec3d-476a-9840-f4dc58694127', NULL, '2024-04-16 13:23:06', '2024-04-16 13:23:06'),
('fa6fb5fd-678c-4578-afe1-7290192b8941', 'Rosdiana', 'Rosdiana', 2, '4d0cb5df-a7fe-4b51-8eff-ece111cdbb9c', NULL, NULL, NULL, NULL, 5, NULL, NULL, NULL, NULL, NULL, NULL, NULL, NULL, 'ab862028-ec3d-476a-9840-f4dc58694127', NULL, '2024-04-18 02:34:25', '2024-04-18 02:34:25'),
('fabefa72-86ef-4aba-bde1-9ed0d0c5ae53', 'Hidayati', 'Hidayati', 2, NULL, 'c0d29d43-11e0-4de0-8635-0e77dd113115', NULL, NULL, NULL, 3, NULL, NULL, NULL, NULL, NULL, NULL, NULL, NULL, 'ab862028-ec3d-476a-9840-f4dc58694127', NULL, '2024-04-16 13:28:35', '2024-04-16 13:28:35'),
('fb41a1b5-6123-4ef8-a84d-067dfc841fc5', 'Heri', 'Heri', 1, 'c5ce86d1-a0a4-466d-95e9-f1d83ef7643e', NULL, NULL, NULL, NULL, 4, NULL, NULL, NULL, NULL, NULL, NULL, NULL, NULL, 'ab862028-ec3d-476a-9840-f4dc58694127', NULL, '2024-04-16 13:50:31', '2024-04-16 13:50:31'),
('fb6edc88-cd74-44db-b85f-dea4a1d29854', 'Diyahrina', 'Diyahrina', 2, NULL, 'c0d29d43-11e0-4de0-8635-0e77dd113115', NULL, NULL, NULL, 1, NULL, NULL, NULL, NULL, NULL, NULL, NULL, NULL, 'ab862028-ec3d-476a-9840-f4dc58694127', NULL, '2024-04-16 13:27:38', '2024-04-16 13:27:38'),
('fc5de5f2-56b3-4488-855a-ebdadab1e95f', 'Mat Saleh', 'Mat Saleh', 1, NULL, '5253b9f2-df20-4417-bc7a-375308729521', NULL, NULL, NULL, 5, NULL, NULL, NULL, NULL, NULL, NULL, NULL, NULL, 'ab862028-ec3d-476a-9840-f4dc58694127', NULL, '2024-04-15 06:40:59', '2024-04-15 06:40:59'),
('fc7415b6-07e0-40f6-ad07-c1a0986931e1', 'Jarif', 'Jarif', 1, 'cc4c6003-d16f-4bad-82b3-07f43a977fe6', NULL, NULL, NULL, NULL, 1, NULL, NULL, NULL, NULL, NULL, NULL, NULL, NULL, 'ab862028-ec3d-476a-9840-f4dc58694127', NULL, '2024-04-16 13:21:38', '2024-04-16 13:21:38'),
('fe81b1c1-a640-4264-b659-41e64bce6f81', 'Jamaiha', 'Jamaiha', 2, '8b49cf34-e5a5-436c-9431-07b1e6c9179c', NULL, NULL, NULL, NULL, 2, NULL, NULL, NULL, NULL, NULL, NULL, NULL, NULL, 'ab862028-ec3d-476a-9840-f4dc58694127', NULL, '2024-04-16 13:38:43', '2024-04-16 13:38:43'),
('fecce237-d19c-4b3a-ba8b-86f378b09529', 'Pahyuni', 'Pahyuni', 2, NULL, NULL, NULL, NULL, NULL, NULL, NULL, NULL, NULL, NULL, NULL, NULL, NULL, NULL, 'ab862028-ec3d-476a-9840-f4dc58694127', NULL, '2024-01-26 15:58:55', '2024-01-26 15:59:28'),
('ff0eaef2-90be-490e-a878-b079cb0708c3', 'Rifki', 'Rifki', 1, NULL, '79f00e8c-38ab-4e23-b99a-fb165ed840b4', NULL, NULL, NULL, 3, NULL, NULL, NULL, NULL, NULL, NULL, NULL, NULL, 'ab862028-ec3d-476a-9840-f4dc58694127', NULL, '2024-01-26 16:02:36', '2024-01-26 16:02:36'),
('ffe16ed4-e874-4b7c-9d51-dd0d4ddaa9c4', 'Rumtani', 'Rumtani', 2, '344ee3a3-da00-471a-af3e-3bfc13421ac6', NULL, NULL, NULL, NULL, 2, NULL, NULL, NULL, NULL, NULL, NULL, NULL, NULL, 'ab862028-ec3d-476a-9840-f4dc58694127', NULL, '2024-04-13 09:56:21', '2024-04-13 09:56:21'),
('ffea54e3-3bdd-48c5-bb7c-50a765513c95', 'Raya', 'Raya', 2, NULL, '29c14875-2dce-46fa-98cb-7eb247c2e9ef', NULL, NULL, NULL, 1, NULL, NULL, NULL, NULL, NULL, NULL, NULL, NULL, 'ab862028-ec3d-476a-9840-f4dc58694127', NULL, '2024-02-03 06:03:57', '2024-02-03 06:03:57');

-- --------------------------------------------------------

--
-- Table structure for table `user_metadata`
--

CREATE TABLE `user_metadata` (
  `id` char(36) COLLATE utf8mb3_unicode_ci NOT NULL,
  `user_id` char(36) COLLATE utf8mb3_unicode_ci NOT NULL,
  `key` varchar(255) COLLATE utf8mb3_unicode_ci NOT NULL,
  `value` text COLLATE utf8mb3_unicode_ci,
  `created_at` timestamp NULL DEFAULT NULL,
  `updated_at` timestamp NULL DEFAULT NULL
) ENGINE=InnoDB DEFAULT CHARSET=utf8mb3 COLLATE=utf8mb3_unicode_ci;

--
-- Indexes for dumped tables
--

--
-- Indexes for table `couples`
--
ALTER TABLE `couples`
  ADD PRIMARY KEY (`id`),
  ADD UNIQUE KEY `couples_husband_id_wife_id_unique` (`husband_id`,`wife_id`);

--
-- Indexes for table `migrations`
--
ALTER TABLE `migrations`
  ADD PRIMARY KEY (`id`);

--
-- Indexes for table `password_resets`
--
ALTER TABLE `password_resets`
  ADD KEY `password_resets_email_index` (`email`);

--
-- Indexes for table `users`
--
ALTER TABLE `users`
  ADD PRIMARY KEY (`id`),
  ADD UNIQUE KEY `users_email_unique` (`email`);

--
-- Indexes for table `user_metadata`
--
ALTER TABLE `user_metadata`
  ADD PRIMARY KEY (`id`),
  ADD KEY `user_metadata_user_id_foreign` (`user_id`),
  ADD KEY `user_metadata_key_index` (`key`);

--
-- AUTO_INCREMENT for dumped tables
--

--
-- AUTO_INCREMENT for table `migrations`
--
ALTER TABLE `migrations`
  MODIFY `id` int UNSIGNED NOT NULL AUTO_INCREMENT, AUTO_INCREMENT=5;

--
-- Constraints for dumped tables
--

--
-- Constraints for table `user_metadata`
--
ALTER TABLE `user_metadata`
  ADD CONSTRAINT `user_metadata_user_id_foreign` FOREIGN KEY (`user_id`) REFERENCES `users` (`id`) ON DELETE CASCADE;
COMMIT;

/*!40101 SET CHARACTER_SET_CLIENT=@OLD_CHARACTER_SET_CLIENT */;
/*!40101 SET CHARACTER_SET_RESULTS=@OLD_CHARACTER_SET_RESULTS */;
/*!40101 SET COLLATION_CONNECTION=@OLD_COLLATION_CONNECTION */;
